id,context,english
army.calder-levy.name,Authored army 'calder-levy': name. Moved from the content scripts.,[Calder Levy]
army.draksha-first.name,Authored army 'draksha-first': name. Moved from the content scripts.,[1. Draksha Host]
army.draksha-second.name,Authored army 'draksha-second': name. Moved from the content scripts.,[2. Draksha Levy]
army.emberlyn-levy.name,Authored army 'emberlyn-levy': name. Moved from the content scripts.,[Emberlyn Levy]
army.harrow-guard.name,Authored army 'harrow-guard': name. Moved from the content scripts.,[Harrow Guard]
army.koszev-levy.name,Authored army 'koszev-levy': name. Moved from the content scripts.,[Koszev Levy]
army.meloch-first.name,Authored army 'meloch-first': name. Moved from the content scripts.,[1. Meloch Host]
army.meloch-second.name,Authored army 'meloch-second': name. Moved from the content scripts.,[2. Meloch Levy]
army.okonn-levy.name,Authored army 'okonn-levy': name. Moved from the content scripts.,[Okonn Levy]
army.pell-host.name,Authored army 'pell-host': name. Moved from the content scripts.,[Pell Host]
army.rusk-levy.name,Authored army 'rusk-levy': name. Moved from the content scripts.,[Rusk Levy]
army.skarn-levy.name,Authored army 'skarn-levy': name. Moved from the content scripts.,[Skarn Levy]
army.spire-garrison.name,Authored army 'spire-garrison': name. Moved from the content scripts.,[Aurelian Guard]
army.szel-reavers.name,Authored army 'szel-reavers': name. Moved from the content scripts.,[Szel Reavers]
army.vantar-levy.name,Authored army 'vantar-levy': name. Moved from the content scripts.,[Vantar Levy]
army.veyrin-first.name,Authored army 'veyrin-first': name. Moved from the content scripts.,[1. Veyrin Host]
army.veyrin-second.name,Authored army 'veyrin-second': name. Moved from the content scripts.,[2. Veyrin Levy]
body.ashkarr.name,Authored body 'ashkarr': name. Moved from the content scripts.,[Ashkarr]
body.aurelian-spire.name,Authored body 'aurelian-spire': name. Moved from the content scripts.,[The Aurelian Spire]
body.vesk.name,Authored body 'vesk': name. Moved from the content scripts.,[Vesk]
character.adept-solen.name,Authored character 'adept-solen': name. Moved from the content scripts.,[Adept Marva Solen]
character.aldric-veyrin.name,Authored character 'aldric-veyrin': name. Moved from the content scripts.,[Aldric Veyrin]
character.aleyn-harrow.name,Authored character 'aleyn-harrow': name. Moved from the content scripts.,[Aleyn Harrow]
character.avram-meloch.name,Authored character 'avram-meloch': name. Moved from the content scripts.,[Avram Meloch]
character.brant-harrow.name,Authored character 'brant-harrow': name. Moved from the content scripts.,[Brant Harrow]
character.brik-skarn.name,Authored character 'brik-skarn': name. Moved from the content scripts.,[Brik Skarn]
character.captain-drozny.name,Authored character 'captain-drozny': name. Moved from the content scripts.,[Captain Lev Drozny]
character.captain-lira.name,Authored character 'captain-lira': name. Moved from the content scripts.,[Lira Harrow]
character.captain-okonn-marek.name,Authored character 'captain-okonn-marek': name. Moved from the content scripts.,[Marek Okonn]
character.captain-sanctora-imre.name,Authored character 'captain-sanctora-imre': name. Moved from the content scripts.,[Imre Vaunt]
character.captain-thessaly.name,Authored character 'captain-thessaly': name. Moved from the content scripts.,[Captain Mira Thessaly]
character.captain-vashk.name,Authored character 'captain-vashk': name. Moved from the content scripts.,[Captain Oren Vashk]
character.casimir-veyrin.name,Authored character 'casimir-veyrin': name. Moved from the content scripts.,[Casimir Veyrin]
character.casold-pell.name,Authored character 'casold-pell': name. Moved from the content scripts.,[Casold Pell]
character.commander-dray.name,Authored character 'commander-dray': name. Moved from the content scripts.,[Commander Ilex Dray]
character.consul-aurelia-veth.name,Authored character 'consul-aurelia-veth': name. Moved from the content scripts.,[Consul Aurelia Veth]
character.doriane-meloch.name,Authored character 'doriane-meloch': name. Moved from the content scripts.,[Doriane Meloch]
character.edrun-harrow.name,Authored character 'edrun-harrow': name. Moved from the content scripts.,[Edrun Harrow]
character.emeric-koszev.name,Authored character 'emeric-koszev': name. Moved from the content scripts.,[Emeric Koszev]
character.halden-rusk.name,Authored character 'halden-rusk': name. Moved from the content scripts.,[Halden Rusk]
character.halvenna-szel.name,Authored character 'halvenna-szel': name. Moved from the content scripts.,[Halvenna Szel]
character.irenna-veyrin.name,Authored character 'irenna-veyrin': name. Moved from the content scripts.,[Irenna Veyrin]
character.iven-vantar.name,Authored character 'iven-vantar': name. Moved from the content scripts.,[Iven Vantar]
character.janos-szel.name,Authored character 'janos-szel': name. Moved from the content scripts.,[Janos Szel]
character.juri-koszev.name,Authored character 'juri-koszev': name. Moved from the content scripts.,[Juri Koszev]
character.kessarin-harrow.name,Authored character 'kessarin-harrow': name. Moved from the content scripts.,[Kessarin Harrow]
character.ludo-calder.name,Authored character 'ludo-calder': name. Moved from the content scripts.,[Ludo Calder]
character.maruk-draksha.name,Authored character 'maruk-draksha': name. Moved from the content scripts.,[Maruk Draksha]
character.mikael-harrow.name,Authored character 'mikael-harrow': name. Moved from the content scripts.,[Mikael Harrow]
character.milena-koszev.name,Authored character 'milena-koszev': name. Moved from the content scripts.,[Milena Koszev]
character.milo-okonn.name,Authored character 'milo-okonn': name. Moved from the content scripts.,[Milo Okonn]
character.mirsa-rusk.name,Authored character 'mirsa-rusk': name. Moved from the content scripts.,[Mirsa Rusk]
character.nadia-okonn.name,Authored character 'nadia-okonn': name. Moved from the content scripts.,[Nadia Okonn]
character.nerezza-veyrin.name,Authored character 'nerezza-veyrin': name. Moved from the content scripts.,[Nerezza Veyrin]
character.orsa-emberlyn.name,Authored character 'orsa-emberlyn': name. Moved from the content scripts.,[Orsa Emberlyn]
character.perrin-vantar.name,Authored character 'perrin-vantar': name. Moved from the content scripts.,[Perrin Vantar]
character.petra-okonn.name,Authored character 'petra-okonn': name. Moved from the content scripts.,[Petra Okonn]
character.prefect-halden.name,Authored character 'prefect-halden': name. Moved from the content scripts.,[Prefect Ostrev Halden]
character.reyn-harrow.name,Authored character 'reyn-harrow': name. Moved from the content scripts.,[Reyn Harrow]
character.sable-pell.name,Authored character 'sable-pell': name. Moved from the content scripts.,[Sable Pell]
character.sella-calder.name,Authored character 'sella-calder': name. Moved from the content scripts.,[Sella Calder]
character.senna-harrow.name,Authored character 'senna-harrow': name. Moved from the content scripts.,[Senna Harrow]
character.sorel-emberlyn.name,Authored character 'sorel-emberlyn': name. Moved from the content scripts.,[Sorel Emberlyn]
character.tomasz-meloch.name,Authored character 'tomasz-meloch': name. Moved from the content scripts.,[Tomasz Meloch]
character.tomasz-rusk.name,Authored character 'tomasz-rusk': name. Moved from the content scripts.,[Tomasz Rusk]
character.torvald-harrow.name,Authored character 'torvald-harrow': name. Moved from the content scripts.,[Torvald Harrow]
character.vael-skarn.name,Authored character 'vael-skarn': name. Moved from the content scripts.,[Vael Skarn]
character.valka-vantar.name,Authored character 'valka-vantar': name. Moved from the content scripts.,[Valka Vantar]
character.vandric-pell.name,Authored character 'vandric-pell': name. Moved from the content scripts.,[Vandric Pell]
character.vessa-draksha.name,Authored character 'vessa-draksha': name. Moved from the content scripts.,[Vessa Draksha]
character.yelena-emberlyn.name,Authored character 'yelena-emberlyn': name. Moved from the content scripts.,[Yelena Emberlyn]
character.zorka-draksha.name,Authored character 'zorka-draksha': name. Moved from the content scripts.,[Zorka Draksha]
event.debt-called-in.choice.honour-it,Authored event 'debt-called-in': choice button. Moved from the content scripts.,[Honour it]
event.debt-called-in.choice.put-them-off,Authored event 'debt-called-in': choice button. Moved from the content scripts.,[Put them off]
event.debt-called-in.log-text,Authored event 'debt-called-in': log line. Moved from the content scripts.,[An envoy called on the house about an old obligation.]
event.debt-called-in.text,Authored event 'debt-called-in': popup body. Moved from the content scripts.,"[An envoy arrives to remind your house, courteously, of an obligation it would rather have forgotten. The reminder is public enough that the answer will be too.]"
event.debt-called-in.title,Authored event 'debt-called-in': title. Moved from the content scripts.,[An Old Debt Remembered]
event.debt-deferred.log,Log line written by the authored effect function 'debt_deferred'. Moved from the content scripts.,"[The envoy left empty-handed, and did not hide it.]"
event.debt-honoured.log,Log line written by the authored effect function 'debt_honoured'. Moved from the content scripts.,"[The house honoured its obligation, and was seen to.]"
event.good-harvest.log-text,Authored event 'good-harvest': log line. Moved from the content scripts.,[{subject} brought in a fine harvest.]
event.good-harvest.text,Authored event 'good-harvest': popup body. Moved from the content scripts.,[{subject} brings in a harvest worth talking about.]
event.good-harvest.title,Authored event 'good-harvest': title. Moved from the content scripts.,[A Good Harvest]
event.grain-riot.choice.open-stores,Authored event 'grain-riot': choice button. Moved from the content scripts.,[Open the stores]
event.grain-riot.choice.send-soldiers,Authored event 'grain-riot': choice button. Moved from the content scripts.,[Put it down]
event.grain-riot.log-text,Authored event 'grain-riot': log line. Moved from the content scripts.,[A grain riot broke out in {subject}.]
event.grain-riot.text,Authored event 'grain-riot': popup body. Moved from the content scripts.,[The granaries of {subject} are opened by a crowd that has stopped asking. Your reeve wants soldiers; the local elders want grain.]
event.grain-riot.title,Authored event 'grain-riot': title. Moved from the content scripts.,[Grain Riot]
event.hard-passage.log-text,Authored event 'hard-passage': log line. Moved from the content scripts.,[{subject} made a rough crossing.]
event.hard-passage.text,Authored event 'hard-passage': popup body. Moved from the content scripts.,[{subject} makes a rough crossing.]
event.hard-passage.title,Authored event 'hard-passage': title. Moved from the content scripts.,[A Hard Passage]
event.occupiers-quarter.log-text,Authored event 'occupiers-quarter': log line. Moved from the content scripts.,[Foreign soldiers are quartered on the households of {subject}.]
event.occupiers-quarter.text,Authored event 'occupiers-quarter': popup body. Moved from the content scripts.,[Foreign soldiers are quartered on the households of {subject}.]
event.occupiers-quarter.title,Authored event 'occupiers-quarter': title. Moved from the content scripts.,[Soldiers in the Streets]
event.petition-heard.log,Log line written by the authored effect function 'petition_heard'. Moved from the content scripts.,"[The judgement was given on the roadside, and travelled.]"
event.riot-bought-off.log,Log line written by the authored effect function 'riot_bought_off'. Moved from the content scripts.,"[The stores were opened, and the crowd went home fed.]"
event.riot-suppressed.log,Log line written by the authored effect function 'riot_suppressed'. Moved from the content scripts.,"[The riot was broken, and remembered.]"
event.road-petition.choice.hear-them,Authored event 'road-petition': choice button. Moved from the content scripts.,[Hear them out]
event.road-petition.choice.ride-on,Authored event 'road-petition': choice button. Moved from the content scripts.,[Ride on]
event.road-petition.log-text,Authored event 'road-petition': log line. Moved from the content scripts.,[{subject} was stopped on the road by petitioners.]
event.road-petition.text,Authored event 'road-petition': popup body. Moved from the content scripts.,"[{subject} is stopped on the road by tenants with a grievance against their own steward. They are asking for judgement, here, in the open.]"
event.road-petition.title,Authored event 'road-petition': title. Moved from the content scripts.,[A Petition on the Road]
event.whispers-at-court.log-text,Authored event 'whispers-at-court': log line. Moved from the content scripts.,[Talk about {subject} ran through the Consulate corridors.]
event.whispers-at-court.text,Authored event 'whispers-at-court': popup body. Moved from the content scripts.,[Talk about {subject} runs through the Consulate corridors.]
event.whispers-at-court.title,Authored event 'whispers-at-court': title. Moved from the content scripts.,[Whispers at Court]
event.work-delayed.log-text,Authored event 'work-delayed': log line. Moved from the content scripts.,[Word comes that the work is going slower than promised.]
event.work-delayed.text,Authored event 'work-delayed': popup body. Moved from the content scripts.,[The work is going slower than promised.]
event.work-delayed.title,Authored event 'work-delayed': title. Moved from the content scripts.,[The Work Drags]
assignment.respond.summary,Authored assignment 'respond': one-line summary. Moved from the content scripts.,[March to relieve a threatened holding.]
assignment.respond.title,Authored assignment 'respond': title. Moved from the content scripts.,Respond
assignment.blockade.success.log-text,Authored assignment 'blockade': log line. Moved from the content scripts.,[{target} is under blockade.]
assignment.blockade.summary,Authored assignment 'blockade': one-line summary. Moved from the content scripts.,[Station a ship over a province and choke its trade.]
assignment.blockade.title,Authored assignment 'blockade': title. Moved from the content scripts.,Blockade
assignment.call-in-favour.critical-success.log-text,Authored assignment 'call-in-favour': log line. Moved from the content scripts.,[{target} honoured its debt to {leader} handsomely.]
assignment.call-in-favour.disaster.log-text,Authored assignment 'call-in-favour': log line. Moved from the content scripts.,[{target} repudiated its debt to {leader}.]
assignment.call-in-favour.disaster.popup-text,Authored assignment 'call-in-favour': popup body. Moved from the content scripts.,"[{target} denies owing {leader} anything at all, and says so publicly.]"
assignment.call-in-favour.failure.log-text,Authored assignment 'call-in-favour': log line. Moved from the content scripts.,[{target} put {leader} off with promises.]
assignment.call-in-favour.success.log-text,Authored assignment 'call-in-favour': log line. Moved from the content scripts.,[{target} made good on what it owed {leader}.]
assignment.call-in-favour.summary,Authored assignment 'call-in-favour': one-line summary. Moved from the content scripts.,"[Ask a house that owes you to make good on it. Spends the debt, whatever they think of you.]"
assignment.call-in-favour.title,Authored assignment 'call-in-favour': title. Moved from the content scripts.,Call In Favour
assignment.collect-tithes.success.log-text,Authored assignment 'collect-tithes': log line. Moved from the content scripts.,[{leader} levied the Imperial tithes.]
assignment.collect-tithes.summary,Authored assignment 'collect-tithes': one-line summary. Moved from the content scripts.,[Exercise the Consul's authority to levy a tithe on every house of the planet.]
assignment.collect-tithes.title,Authored assignment 'collect-tithes': title. Moved from the content scripts.,Collect Tithes
assignment.court.critical-success.log-text,Authored assignment 'court': log line. Moved from the content scripts.,[{leader} won unexpected goodwill from {target}.]
assignment.court.critical-success.popup-text,Authored assignment 'court': popup body. Moved from the content scripts.,[{leader} returns from {target} with warm assurances and an open door.]
assignment.court.disaster.log-text,Authored assignment 'court': log line. Moved from the content scripts.,[{leader} insulted {target}; relations sour.]
assignment.court.disaster.popup-text,Authored assignment 'court': popup body. Moved from the content scripts.,[{leader} gave insult at the court of {target}; doors close across the region.]
assignment.court.success.log-text,Authored assignment 'court': log line. Moved from the content scripts.,[{leader} improved relations with {target}.]
assignment.court.summary,Authored assignment 'court': one-line summary. Moved from the content scripts.,[Send an envoy to soften another house's standing against you.]
assignment.court.title,Authored assignment 'court': title. Moved from the content scripts.,Court
assignment.curry-favour.critical-success.log-text,Authored assignment 'curry-favour': log line. Moved from the content scripts.,[{leader} is spoken of warmly throughout the Spire.]
assignment.curry-favour.disaster.log-text,Authored assignment 'curry-favour': log line. Moved from the content scripts.,[{leader} embarrassed themselves before the Sanctora.]
assignment.curry-favour.disaster.popup-text,Authored assignment 'curry-favour': popup body. Moved from the content scripts.,[{leader} misjudged the Spire's etiquette badly. The adepts remember.]
assignment.curry-favour.success.log-text,Authored assignment 'curry-favour': log line. Moved from the content scripts.,[{leader} made a good impression on the Sanctora.]
assignment.curry-favour.summary,Authored assignment 'curry-favour': one-line summary. Moved from the content scripts.,"[Pay respects, tithes, and flattery aboard the Spire.]"
assignment.curry-favour.title,Authored assignment 'curry-favour': title. Moved from the content scripts.,Curry Favour
assignment.hold-court.summary,Authored assignment 'hold-court': one-line summary. Moved from the content scripts.,[Hear petitions and settle disputes among your household; settles the province you sit in.]
assignment.hold-court.title,Authored assignment 'hold-court': title. Moved from the content scripts.,Hold Court
assignment.besiege.critical-success.log-text,Authored assignment 'besiege': log line. Moved from the content scripts.,[{target} fell swiftly to {leader}.]
assignment.besiege.critical-success.popup-text,Authored assignment 'besiege': popup body. Moved from the content scripts.,"[{target} has fallen to {leader}, and quickly enough that the granaries are intact.]"
assignment.besiege.disaster.log-text,Authored assignment 'besiege': log line. Moved from the content scripts.,[The siege of {target} ended in disaster.]
assignment.besiege.disaster.popup-text,Authored assignment 'besiege': popup body. Moved from the content scripts.,[The siege of {target} collapsed in recrimination and blood.]
assignment.besiege.failure.log-text,Authored assignment 'besiege': log line. Moved from the content scripts.,[The siege of {target} was broken.]
assignment.besiege.success.log-text,Authored assignment 'besiege': log line. Moved from the content scripts.,[{target} fell to {leader} after a siege.]
assignment.besiege.success.popup-text,Authored assignment 'besiege': popup body. Moved from the content scripts.,"[After a grinding investment, {target} has fallen to {leader}.]"
assignment.besiege.summary,Authored assignment 'besiege': one-line summary. Moved from the content scripts.,[March on a province and take it. Its garrison must be beaten first.]
assignment.besiege.title,Authored assignment 'besiege': title. Moved from the content scripts.,Besiege
assignment.manage-estates.summary,Authored assignment 'manage-estates': one-line summary. Moved from the content scripts.,[Routine administration of the house's provincial holdings; steadies order everywhere you rule.]
assignment.manage-estates.title,Authored assignment 'manage-estates': title. Moved from the content scripts.,Manage Estates
assignment.march.failure.log-text,Authored assignment 'march': log line. Moved from the content scripts.,[{leader}'s march on {target} dissolved in confusion.]
assignment.march.summary,Authored assignment 'march': one-line summary. Moved from the content scripts.,[Move an army to another province. Marches take as long as the road demands.]
assignment.march.title,Authored assignment 'march': title. Moved from the content scripts.,March
assignment.muster.critical-success.log-text,Authored assignment 'muster': log line. Moved from the content scripts.,[{leader} mustered an eager and well-found levy.]
assignment.muster.success.log-text,Authored assignment 'muster': log line. Moved from the content scripts.,[{leader} mustered the levies.]
assignment.muster.summary,Authored assignment 'muster': one-line summary. Moved from the content scripts.,"[Raise a standing army under a general, with manpower and supplies from the house pool.]"
assignment.muster.title,Authored assignment 'muster': title. Moved from the content scripts.,Muster
assignment.negotiate.disaster.log-text,Authored assignment 'negotiate': failed peace overture.,[{leader}'s peace overture was thrown back in their face.]
assignment.negotiate.success.log-text,Authored assignment 'negotiate': successful whole-war peace.,[{leader} secured peace and brought the war to an end.]
assignment.negotiate.summary,Authored assignment 'negotiate': one-line summary.,[Seek a settlement that concludes the whole formal war. Only a current side leader may make peace.]
assignment.negotiate.title,Authored assignment 'negotiate': title. Moved from the content scripts.,Negotiate
assignment.patrol.summary,Authored assignment 'patrol': one-line summary. Moved from the content scripts.,"[Stand guard where the army is; a visible deterrent to raiders, and a steadying presence.]"
assignment.patrol.title,Authored assignment 'patrol': title. Moved from the content scripts.,Patrol
assignment.petition.disaster.log-text,Authored assignment 'petition': log line. Moved from the content scripts.,[{leader}'s petition irritated the Consulate.]
assignment.petition.success.log-text,Authored assignment 'petition': log line. Moved from the content scripts.,[The Consul received {leader}'s petition favourably.]
assignment.petition.summary,Authored assignment 'petition': one-line summary. Moved from the content scripts.,[Seek the Consul's ear for your house's interests.]
assignment.petition.title,Authored assignment 'petition': title. Moved from the content scripts.,Petition
assignment.press-claim.critical-success.log-text,Authored assignment 'press-claim': log line. Moved from the content scripts.,[{leader} pressed a claim to the Paramountcy.]
assignment.press-claim.critical-success.popup-text,Authored assignment 'press-claim': popup body. Moved from the content scripts.,[The assembled houses could find no rival to {leader}'s claim. The Paramountcy is yours.]
assignment.press-claim.failure.log-text,Authored assignment 'press-claim': log line. Moved from the content scripts.,[{leader}'s claim to the Paramountcy went nowhere.]
assignment.press-claim.success.log-text,Authored assignment 'press-claim': log line. Moved from the content scripts.,[{leader} pressed a claim to the Paramountcy.]
assignment.press-claim.summary,Authored assignment 'press-claim': one-line summary. Moved from the content scripts.,[Advance your house's claim to the vacant planetary Paramountcy. Succeeds only if you hold more of the planet than any rival.]
assignment.press-claim.title,Authored assignment 'press-claim': title. Moved from the content scripts.,Press Claim
assignment.raid.critical-success.log-text,Authored assignment 'raid': log line. Moved from the content scripts.,[{leader}'s raid on {target} came home heavy with plunder.]
assignment.raid.disaster.log-text,Authored assignment 'raid': log line. Moved from the content scripts.,[{leader}'s raiders were cut apart at {target}.]
assignment.raid.failure.log-text,Authored assignment 'raid': log line. Moved from the content scripts.,[{leader}'s raid on {target} was driven off.]
assignment.raid.success.log-text,Authored assignment 'raid': log line. Moved from the content scripts.,[{leader} raided {target}.]
assignment.raid.summary,Authored assignment 'raid': one-line summary. Moved from the content scripts.,[Strike a province for loot and be gone before the response forms.]
assignment.raid.title,Authored assignment 'raid': title. Moved from the content scripts.,Raid
assignment.resupply.summary,Authored assignment 'resupply': one-line summary. Moved from the content scripts.,[Refill an army's supply train from the house stores.]
assignment.resupply.title,Authored assignment 'resupply': title. Moved from the content scripts.,Resupply
assignment.seek-endorsement.critical-success.log-text,Authored assignment 'seek-endorsement': log line. Moved from the content scripts.,[The Consul endorsed {leader}'s house.]
assignment.seek-endorsement.critical-success.popup-text,Authored assignment 'seek-endorsement': popup body. Moved from the content scripts.,[The Consul receives {leader} warmly and lets it be known that the Spire looks kindly on the house.]
assignment.seek-endorsement.disaster.log-text,Authored assignment 'seek-endorsement': log line. Moved from the content scripts.,[{leader}'s approach to the Consul was rebuffed and remembered.]
assignment.seek-endorsement.success.log-text,Authored assignment 'seek-endorsement': log line. Moved from the content scripts.,[The Consul gave {leader} a guarded hearing.]
assignment.seek-endorsement.summary,Authored assignment 'seek-endorsement': one-line summary. Moved from the content scripts.,"[Court the Consul's public backing for your house's ambitions. Helpful, but never decisive.]"
assignment.seek-endorsement.title,Authored assignment 'seek-endorsement': title. Moved from the content scripts.,Seek Endorsement
assignment.discredit.critical-success.log-text,Authored assignment 'discredit': log line. Moved from the content scripts.,[Whispers against {target} take root everywhere at once.]
assignment.discredit.disaster.log-text,Authored assignment 'discredit': log line. Moved from the content scripts.,[{leader} was caught spreading whispers against {target}.]
assignment.discredit.disaster.popup-text,Authored assignment 'discredit': popup body. Moved from the content scripts.,[The whisper campaign is traced back to {leader}. {target} knows.]
assignment.discredit.summary,Authored assignment 'discredit': one-line summary. Moved from the content scripts.,[Undermine a rival with rumour and insinuation.]
assignment.discredit.title,Authored assignment 'discredit': title. Moved from the content scripts.,Discredit
assignment.tour-holdings.critical-success.log-text,Authored assignment 'tour-holdings': log line. Moved from the content scripts.,[{leader}'s tour of the holdings is met with genuine warmth.]
assignment.tour-holdings.disaster.log-text,Authored assignment 'tour-holdings': log line. Moved from the content scripts.,[{leader}'s tour ended in an ugly accident.]
assignment.tour-holdings.disaster.popup-text,Authored assignment 'tour-holdings': popup body. Moved from the content scripts.,"[An accident on the road; {leader} is hurt, and the tour is remembered badly.]"
assignment.tour-holdings.summary,Authored assignment 'tour-holdings': one-line summary. Moved from the content scripts.,[Show the household's face across its provinces.]
assignment.tour-holdings.title,Authored assignment 'tour-holdings': title. Moved from the content scripts.,Tour Holdings
office.starbase-commander.name,Authored office 'starbase-commander': name. Moved from the content scripts.,[Commander of the Aurelian Spire]
organisation.calder.name,Authored organisation 'calder': name. Moved from the content scripts.,[House Calder]
organisation.calder.surname,Authored organisation 'calder': family surname. Moved from the content scripts.,[Calder]
organisation.draksha.name,Authored organisation 'draksha': name. Moved from the content scripts.,[House Draksha]
organisation.draksha.surname,Authored organisation 'draksha': family surname. Moved from the content scripts.,[Draksha]
organisation.emberlyn.name,Authored organisation 'emberlyn': name. Moved from the content scripts.,[House Emberlyn]
organisation.emberlyn.surname,Authored organisation 'emberlyn': family surname. Moved from the content scripts.,[Emberlyn]
organisation.harrow.name,Authored organisation 'harrow': name. Moved from the content scripts.,[House Harrow]
organisation.harrow.surname,Authored organisation 'harrow': family surname. Moved from the content scripts.,[Harrow]
organisation.koszev.name,Authored organisation 'koszev': name. Moved from the content scripts.,[House Koszev]
organisation.koszev.surname,Authored organisation 'koszev': family surname. Moved from the content scripts.,[Koszev]
organisation.meloch.name,Authored organisation 'meloch': name. Moved from the content scripts.,[House Meloch]
organisation.meloch.surname,Authored organisation 'meloch': family surname. Moved from the content scripts.,[Meloch]
organisation.okonn.name,Authored organisation 'okonn': name. Moved from the content scripts.,[House Okonn]
organisation.okonn.surname,Authored organisation 'okonn': family surname. Moved from the content scripts.,[Okonn]
organisation.pell.name,Authored organisation 'pell': name. Moved from the content scripts.,[House Pell]
organisation.pell.surname,Authored organisation 'pell': family surname. Moved from the content scripts.,[Pell]
organisation.rusk.name,Authored organisation 'rusk': name. Moved from the content scripts.,[House Rusk]
organisation.rusk.surname,Authored organisation 'rusk': family surname. Moved from the content scripts.,[Rusk]
organisation.sanctora-imperim.name,Authored organisation 'sanctora-imperim': name. Moved from the content scripts.,[The Sanctora Imperim]
organisation.skarn.name,Authored organisation 'skarn': name. Moved from the content scripts.,[House Skarn]
organisation.skarn.surname,Authored organisation 'skarn': family surname. Moved from the content scripts.,[Skarn]
organisation.szel.name,Authored organisation 'szel': name. Moved from the content scripts.,[House Szel]
organisation.szel.surname,Authored organisation 'szel': family surname. Moved from the content scripts.,[Szel]
organisation.vantar.name,Authored organisation 'vantar': name. Moved from the content scripts.,[House Vantar]
organisation.vantar.surname,Authored organisation 'vantar': family surname. Moved from the content scripts.,[Vantar]
organisation.veyrin.name,Authored organisation 'veyrin': name. Moved from the content scripts.,[House Veyrin]
organisation.veyrin.surname,Authored organisation 'veyrin': family surname. Moved from the content scripts.,[Veyrin]
province.brakkenveld.name,Authored province 'brakkenveld': name. Moved from the content scripts.,[Brakkenveld]
province.calders-folly.name,Authored province 'calders-folly': name. Moved from the content scripts.,[Calder's Folly]
province.charhold.name,Authored province 'charhold': name. Moved from the content scripts.,[Charhold]
province.cindral.name,Authored province 'cindral': name. Moved from the content scripts.,[Cindral]
province.consulate-fields.name,Authored province 'consulate-fields': name. Moved from the content scripts.,[Consulate Fields]
province.cryon-basin.name,Authored province 'cryon-basin': name. Moved from the content scripts.,[Cryon Basin]
province.dreghal.name,Authored province 'dreghal': name. Moved from the content scripts.,[Dreghal]
province.drossmark.name,Authored province 'drossmark': name. Moved from the content scripts.,[Drossmark]
province.emberwash.name,Authored province 'emberwash': name. Moved from the content scripts.,[Emberwash]
province.greyspire.name,Authored province 'greyspire': name. Moved from the content scripts.,[Greyspire]
province.halveth.name,Authored province 'halveth': name. Moved from the content scripts.,[Halveth]
province.hollow-crown.name,Authored province 'hollow-crown': name. Moved from the content scripts.,[Hollow Crown]
province.hyperions-rest.name,Authored province 'hyperions-rest': name. Moved from the content scripts.,[Hyperion's Rest]
province.karvessa.name,Authored province 'karvessa': name. Moved from the content scripts.,[Karvessa]
province.koszevny-flats.name,Authored province 'koszevny-flats': name. Moved from the content scripts.,[Koszevny Flats]
province.lanternfall.name,Authored province 'lanternfall': name. Moved from the content scripts.,[Lanternfall]
province.mournhollow.name,Authored province 'mournhollow': name. Moved from the content scripts.,[Mournhollow]
province.old-anchorage.name,Authored province 'old-anchorage': name. Moved from the content scripts.,[Old Anchorage]
province.ostragard.name,Authored province 'ostragard': name. Moved from the content scripts.,[Ostragard]
province.palensk.name,Authored province 'palensk': name. Moved from the content scripts.,[Palensk]
province.pellamir.name,Authored province 'pellamir': name. Moved from the content scripts.,[Pellamir]
province.port-vesk.name,Authored province 'port-vesk': name. Moved from the content scripts.,[Port Vesk]
province.redwater.name,Authored province 'redwater': name. Moved from the content scripts.,[Redwater]
province.regolith-verge.name,Authored province 'regolith-verge': name. Moved from the content scripts.,[Regolith Verge]
province.rustholt.name,Authored province 'rustholt': name. Moved from the content scripts.,[Rustholt]
province.sable-steppe.name,Authored province 'sable-steppe': name. Moved from the content scripts.,[Sable Steppe]
province.sallow-march.name,Authored province 'sallow-march': name. Moved from the content scripts.,[Sallow March]
province.shattered-coast.name,Authored province 'shattered-coast': name. Moved from the content scripts.,[The Shattered Coast]
province.silent-quarter.name,Authored province 'silent-quarter': name. Moved from the content scripts.,[Silent Quarter]
province.skarnos.name,Authored province 'skarnos': name. Moved from the content scripts.,[Skarnos]
province.spire-decks.name,Authored province 'spire-decks': name. Moved from the content scripts.,[The Spire Decks]
province.stillmere.name,Authored province 'stillmere': name. Moved from the content scripts.,[Stillmere]
province.thassik.name,Authored province 'thassik': name. Moved from the content scripts.,[Thassik]
province.tithe-pits.name,Authored province 'tithe-pits': name. Moved from the content scripts.,[The Tithe Pits]
province.tolmaz.name,Authored province 'tolmaz': name. Moved from the content scripts.,[Tolmaz]
province.tsarovka.name,Authored province 'tsarovka': name. Moved from the content scripts.,[Tsarovka]
province.ulmgorn.name,Authored province 'ulmgorn': name. Moved from the content scripts.,[Ulmgorn]
province.vantar-deep.name,Authored province 'vantar-deep': name. Moved from the content scripts.,[Vantar Deep]
province.veyrmark.name,Authored province 'veyrmark': name. Moved from the content scripts.,[Veyrmark]
province.vhorruk.name,Authored province 'vhorruk': name. Moved from the content scripts.,[Vhorruk]
province.virek-sound.name,Authored province 'virek-sound': name. Moved from the content scripts.,[Virek Sound]
scenario.ashkarr-succession.name,Authored scenario 'ashkarr-succession': name. Moved from the content scripts.,[The Ashkarr Succession]
ship.aurelias-writ.name,Authored ship 'aurelias-writ': name. Moved from the content scripts.,[Aurelia's Writ]
ship.draksha-lance.name,Authored ship 'draksha-lance': name. Moved from the content scripts.,[Draksha's Lance]
ship.ember-crown.name,Authored ship 'ember-crown': name. Moved from the content scripts.,[The Ember Crown]
ship.pale-lantern.name,Authored ship 'pale-lantern': name. Moved from the content scripts.,[Pale Lantern]
ship.redwater-runner.name,Authored ship 'redwater-runner': name. Moved from the content scripts.,[Redwater Runner]
ship.spire-picket.name,Authored ship 'spire-picket': name. Moved from the content scripts.,[Spire Picket]
sim.agency.took-it-up,"Log line when an idle household member finds work unbidden. {character} {assignment}","{character} took up {assignment} unbidden."
sim.agency.began,"Log line when a house other than the player's starts a assignment, giving its own stated reason. {house} is a house name, {assignment} the assignment's title, {reason} why it acted.",[{house} began '{assignment}': {reason}.]
sim.assignment.called-off,"Log line when an assignment is called off part-way. {assignment} {stage}","{assignment} was called off during {stage}."
sim.assignment.captain,How a character's standing command reads when they captain a ship. {force} is the ship's name.,"[Captain, {force}]"
sim.assignment.general,How a character's standing command reads when they lead an army. {force} is the army's name.,"[General, {force}]"
sim.crisis.paramountcy-claimed,Log line when a person takes the Paramountcy of the planet. {claimant} is a character name.,[{claimant} has claimed the Paramountcy of the planet.]
sim.crisis.tithes-collected,Log line when the Sanctora Imperim takes its tithe from every house. {amount} is a total in wealth.,[The Sanctora collected {amount} in Imperial tithes.]
sim.forces.levy-name,"The name given to a newly mustered army. {ordinal} is a number counting the house's levies, {house} the house's name.",[{ordinal}. {house} Levy]
sim.intent.claim-ready,A house's stated reason for pressing its claim to the planet.,[we hold more of the planet than any rival]
sim.intent.favour-owed,A house's stated reason for calling in what it is owed. {house} is the house that owes it.,[{house} owes us a favour]
sim.intent.grievance-held,A house's stated reason for courting a house it has wronged. {house} is that house.,[{house} holds a grievance against us]
sim.intent.occupied,A house's stated reason for mustering troops: someone else's army is standing on its ground. {province} is a province name.,[{province} is occupied]
sim.intent.restive,A house's stated reason for attending to a province whose order is slipping. {province} is a province name.,[{province} is restive]
sim.intent.routine,A house's stated reason when nothing is pressing and it simply attends to business.,[ordinary business]
sim.intent.standing-thin,A house's stated reason for shoring up its political standing.,[our standing is thin]
sim.intent.treasury-low,A house's stated reason for raising money.,[the treasury is low]
sim.leader.available,A character's availability: free to take work on.,[available]
sim.leader.busy,"A character's availability while leading a assignment. {assignment} is the assignment's title, {date} when it finishes.",[leading {assignment} until {date}]
sim.leader.indisposed,"A character's availability when injured, held, or incapacitated with no known end.",[indisposed]
sim.leader.indisposed-until,A character's availability when they will recover on a known day. {date} is a campaign date.,[indisposed until {date}]
sim.obligation.favour.summary,"One-line description of a favour owed. {debtor} owes, {creditor} is owed.",[{debtor} owes {creditor} a favour]
sim.obligation.grievance.summary,One-line description of a grievance. {creditor} resents {debtor}.,[{creditor} resents {debtor}]
sim.obligation.promise-lapsed,"Log line when a house lets a promise run out. {house} is the house that promised, {origin} what the promise was about.",[{house} let a promise lapse: {origin}.]
sim.obligation.promise.summary,"One-line description of a promise given. {debtor} promised, {creditor} was promised.",[{debtor} has promised {creditor}]
sim.order.revolted,Log line when a province throws off its ruler. {province} is a province name.,[{province} has revolted and thrown off its ruler. The province stands unclaimed.]
sim.order.unrest-begins,"Log line on the first day a province falls into open unrest, naming the deadline. {province} is a province name, {days} the days until revolt.",[{province} has fallen into open unrest. Without a garrison or the ruler's presence it will throw off its allegiance in {days} days.]
sim.politics.no-successor,Reason shown when the campaign ends because the player's house has died out. {house} is the house's name.,[{house} has no viable successor]
sim.politics.no-territorial-foothold,Reason shown when the campaign ends because the player's house directly holds no province. {house} is the house's name.,[{house} holds no territorial foothold]
sim.politics.ship-without-captain,Log line when a ship's captain dies and nobody has replaced them. {ship} is the ship's name.,[{ship} is without a captain.]
sim.pressure.blockaded,One pressure acting on a province's order: its approaches are closed by a hostile ship.,[blockaded]
sim.pressure.garrison,One pressure acting on a province's order: troops are stationed there.,[garrisoned]
sim.pressure.none,Shown in place of the pressure list when nothing at all is acting on a province.,"[quiet, but unattended]"
sim.pressure.occupied,One pressure acting on a province's order: a hostile army stands there.,[hostile army present]
sim.pressure.presence,One pressure acting on a province's order: its ruler is there in person.,[ruler present]
sim.pressure.shortage,One pressure acting on a province's order: it has run out of supplies.,[supplies exhausted]
sim.refusal.already-assigned,Why a assignment cannot be ordered: the chosen leader already commands another force.,[that character already commands another force]
sim.refusal.bad-assignment,Why a assignment cannot be acted on: there is no such assignment under this house.,[no such active assignment for your organisation]
sim.refusal.bad-popup-answer,Why an answer was not accepted: the popup or choice does not exist.,[no such popup or choice]
sim.refusal.bad-target,Why a assignment cannot be ordered: its target is missing or of the wrong kind.,[the assignment's target is missing or of the wrong kind]
sim.refusal.campaign-over,Why nothing can be ordered: the campaign has ended.,[the campaign is over]
sim.refusal.cannot-afford,Why a assignment cannot be ordered: the house cannot pay for it.,[the organisation cannot afford this assignment]
sim.refusal.ineligible-leader,Why a assignment cannot be ordered: this character cannot lead for this house at all.,[not able to lead for this house]
sim.refusal.leader-busy,Why a assignment cannot be ordered: the chosen leader is already leading one.,[that character is already leading a assignment]
sim.refusal.leader-indisposed,"Why a assignment cannot be ordered: the chosen leader is injured, held, or incapacitated.",[that character is in no state to lead]
sim.refusal.no-player-org,Why nothing can be ordered: the player has no house to act through.,[no player organisation]
sim.refusal.unknown-assignment,Why a assignment cannot be ordered: no such assignment is defined. Should never reach a player.,[unknown assignment definition]
sim.warfare.standing-order,"Log line when a force acts on its standing orders. {army} {assignment}","{army} began {assignment} on standing orders."
sim.warfare.fallen-to-siege,Log line when a besieged province changes hands. {place} is the title or province taken.,[{place} has fallen to siege.]
sim.war.label,Compact target label for a formal-war occurrence. {war} is its stable numeric ID.,[War {war}]
sim.war.side.attacker,Short label for the attacking side of a formal war.,[attacking side]
sim.war.side.defender,Short label for the defending side of a formal war.,[defending side]
sim.war.side-target,"Compact assignment target label for one exact side of a formal war. {war} is the war label; {side} is the side label.","[{war}, {side}]"
sim.war.assignment-ended,"Log line when peace or another conclusion aborts an assignment bound to that exact formal war. {assignment} is the assignment title and {war} its stable numeric ID.",['{assignment}' ended when formal war {war} ended.]
title.consul-of-the-sector.name,Authored title 'consul-of-the-sector': name. Moved from the content scripts.,[Consul of the Sector]
title.paramountcy-of-ashkarr.name,Authored title 'paramountcy-of-ashkarr': name. Moved from the content scripts.,[Paramount of Ashkarr]
trait.bold.name,Authored trait 'bold': name. Moved from the content scripts.,[Bold]
trait.bold.summary,Authored trait 'bold': one-line summary. Moved from the content scripts.,[Meets danger head on.]
trait.devout.name,Authored trait 'devout': name. Moved from the content scripts.,[Devout]
trait.devout.summary,Authored trait 'devout': one-line summary. Moved from the content scripts.,[Keeps the Tsarist observances.]
trait.forthright.name,Authored trait 'forthright': name. Moved from the content scripts.,[Forthright]
trait.forthright.summary,Authored trait 'forthright': one-line summary. Moved from the content scripts.,[Says what they mean.]
trait.grasping.name,Authored trait 'grasping': name. Moved from the content scripts.,[Grasping]
trait.grasping.summary,Authored trait 'grasping': one-line summary. Moved from the content scripts.,[Never enough.]
trait.magnanimous.name,Authored trait 'magnanimous': name. Moved from the content scripts.,[Magnanimous]
trait.magnanimous.summary,Authored trait 'magnanimous': one-line summary. Moved from the content scripts.,[Generous with victory.]
trait.profane.name,Authored trait 'profane': name. Moved from the content scripts.,[Profane]
trait.profane.summary,Authored trait 'profane': one-line summary. Moved from the content scripts.,[Honours nothing above appetite.]
trait.scheming.name,Authored trait 'scheming': name. Moved from the content scripts.,[Scheming]
trait.scheming.summary,Authored trait 'scheming': one-line summary. Moved from the content scripts.,[Every word is a move.]
trait.wary.name,Authored trait 'wary': name. Moved from the content scripts.,[Wary]
trait.wary.summary,Authored trait 'wary': one-line summary. Moved from the content scripts.,[Trusts slowly and watches exits.]
ui.actions.choose-character,"Placeholder on the closed character-target dropdown, before one is chosen.",[Choose a character]
ui.actions.choose-leader,Button that opens the leader comparison list for an action.,[Choose…]
ui.actions.choose-leader.hover,"Tooltip on the choose-leader button. {free} is how many house members could take the assignment on now, {total} how many there are.",[Compare everyone in your house for this assignment. {free} of {total} could take it on now.]
ui.actions.confirm,Button that issues the composed action to the simulation.,[Confirm]
ui.assignment-popup.cancel,Visible button that cancels assignment composition and returns to its opener.,[Cancel]
ui.actions.filter-org,Hint text in the organisation picker's filter box.,[Filter organisations…]
ui.actions.filter-province,Hint text in the province picker's filter box.,[Filter provinces…]
ui.actions.forecast-pending,Shown in place of the forecast while the action still has empty slots.,[Choose the remaining details to see the forecast.]
ui.actions.heading,Heading above the context-sensitive assignment buttons under a selection.,[Actions]
ui.actions.leader-chosen,"The chosen leader and their odds, beside the led-by label. {leader} is a character name, {chance} a percentage.",[{leader} — {chance}]
ui.actions.leader-fixed,"Reason shown when an action's leader cannot be chosen, because a force is led by whoever commands it.",[led by the force's own commander]
ui.actions.leader-fixed-note,"Wraps the reason a leader is fixed, shown beside the led-by slot. {reason} is that reason.",[({reason})]
ui.actions.led-by,Label before whoever would lead the action being composed.,[Led by]
ui.actions.no-leader,Shown beside the led-by label before anyone has been chosen.,[nobody yet]
ui.actions.none-here,Shown when a selection offers no assignments at all.,Nothing to order here.
ui.actions.obstacle.ship-has-no-captain,Shown at the ship slot when the chosen ship has no captain to carry the order. The ship's own name is already on screen beside it.,[This ship has no captain. A ship is ordered by the officer who commands it — assign one first.]
ui.actions.pick-on-map,Button beside a province picker that starts choosing the province by clicking it on the map.,[Pick on map]
ui.actions.pick-on-map.waiting,Shown beside the pick-on-map button while it is waiting for the player to click the map.,[click a province on the map…]
ui.actions.unavailable,Fallback shown when a character cannot take on work and no more specific reason is known.,[unavailable]
ui.assignments.cancel-pending,Shown instead of the cancel button once calling off has been asked for but cannot yet happen.,Called off when it can be
ui.assignments.cannot-recall,Tooltip on the disabled cancel button while an assignment is past recall.,This is past the point of recall. It will run to its end.
ui.assignments.phase,Which phase an assignment has reached. {phase} is the phase name.,({phase})
ui.body-kind.moon,What kind of body this is: a moon orbiting a planet.,[Moon]
ui.body-kind.planet,What kind of body this is: a planet.,[Planet]
ui.body-kind.starbase,What kind of body this is: an artificial station rather than a natural body.,[Starbase]
ui.cost.influence,"One of a assignment's costs, listed in its tooltip. I abbreviates influence. {amount} is a number.",[I {amount}]
ui.cost.manpower,"One of a assignment's costs, listed in its tooltip. M abbreviates manpower. {amount} is a number.",[M {amount}]
ui.cost.supplies,"One of a assignment's costs, listed in its tooltip. S abbreviates supplies. {amount} is a number.",[S {amount}]
ui.cost.wealth,"One of a assignment's costs, listed in its tooltip. W abbreviates wealth. {amount} is a number.",[W {amount}]
ui.dock.side.bottom,"The bottom edge of the screen, named inside sentences like ""Move to the bottom."" Lower case on purpose.",[bottom]
ui.dock.side.left,"The left edge of the screen, named inside sentences like ""Move to the left."" Lower case on purpose.",[left]
ui.dock.side.right,"The right edge of the screen, named inside sentences like ""Move to the right."" Lower case on purpose.",[right]
ui.forecast.blocked,Shown under a forecast when the assignment cannot be ordered at all. {reason} is the simulation's own account of why.,[Cannot start: {reason}]
ui.forecast.contest,"The skill contest behind a assignment's odds. {skill} is a skill name, {value} the leader's rating, {difficulty} the assignment's, {effect} a signed number.",[{skill} {value} vs difficulty {difficulty} → {effect}]
ui.forecast.contest.hover,"Tooltip on the skill contest line, explaining how advantage moves the odds.",[The leader's governing skill against the assignment's authored difficulty. Each point of advantage shifts weight out of the bad outcomes and into the good ones; each point of deficit does the reverse.]
ui.forecast.costs,Line in a forecast listing what ordering the assignment costs immediately. {costs} is a list of amounts.,[Costs {costs}]
ui.forecast.costs.hover,"Tooltip on the forecast cost line, making clear the cost is paid whatever happens.","[Taken from your house's stores the moment the assignment begins. This is spent whatever the outcome — a guaranteed cost, not a risk.]"
ui.forecast.delay,Line in a forecast for the days before the order even reaches its leader. {days} is a number; the d abbreviates days.,[· begins in {days}d]
ui.forecast.delay.hover,"Tooltip on the order-delay line, explaining that orders travel.","[Your order has to physically reach the leader first. Distance from your head, and any travel in progress, add this delay before the assignment even starts.]"
ui.forecast.duration,Line in a forecast giving how long the assignment takes once begun. {days} is a number.,[Takes {days} days]
ui.forecast.duration.hover,Tooltip on the duration line.,[Days from the order taking effect until it resolves. A march takes at least as long as the army needs to reach its objective.]
ui.forecast.military-op,Line warning that a military assignment is settled in the field after its roll. {operation} is the operation's name.,[Then contested in the field ({operation})]
ui.forecast.military-op.hover,Tooltip explaining that the field contest is deliberately outside the percentages.,"[These chances cover the order itself. Even a successful order is then decided by the operation — the strength, supply and order of the forces present settle it, and that contest is deliberately not folded into the percentages above.]"
ui.forecast.no-recall,Shown when an assignment cannot be called off at all once begun.,Once begun this cannot be called off.
ui.forecast.outcomes,Heading above the outcome distribution in a forecast.,[If ordered now]
ui.forecast.outcomes.hover,Tooltip on the outcome heading.,[The exact outcome distribution the simulation would roll against today. It moves with the leader you choose and their skill.]
ui.forecast.recall-until,How long an assignment can still be called off. {days} is a day count.,Can be called off for the first {days} days
ui.forecast.recall-until.hover,Tooltip explaining the point of recall.,After that it runs to its end whatever you order.
ui.forecast.result.asks-you,An outcome row for a result that opens a popup asking the player to choose. {result} is the outcome name.,[{result}  (asks you)]
ui.forecast.result.unauthored,Tooltip on an outcome with no authored consequence written for it.,[No authored consequence for this outcome.]
ui.forecast.risk,A personal risk to the assignment's leader. {risk} is the risk's name; {on_failure} and {on_disaster} are percentages.,"[{risk} risk — {on_failure} on a failure, {on_disaster} on a disaster]"
ui.forecast.risk.hover,"Tooltip on a personal risk line, making clear it is conditional on a bad outcome.","[A personal consequence for the leader, rolled only if the assignment goes badly. It is conditional on the outcome above, not an additional chance on the order itself.]"
ui.hover.age,"Part of a character's hover summary, for a living character. {years} is a whole number.",[age {years}]
ui.hover.character,"A character's hover summary. Cmd, Dip, Int and Ste abbreviate the four skills, kept short because this sits under the cursor.","[{name} — {house}, {age}
Cmd {command} · Dip {diplomacy} · Int {intrigue} · Ste {stewardship}]"
ui.hover.died,"Part of a character's hover summary, for a dead character. {date} is a campaign date.",[died {date}]
ui.hover.no-head,Shown in a house's hover summary when it currently has no head.,[none]
ui.hover.no-house,Shown in a character's hover summary when they belong to no house.,[no house]
ui.hover.org,A house's hover summary. {titles} is how many titles it holds.,"[{name} — {standing}
Head: {head} · {titles} titles held]"
ui.hover.org.resources,"The stores line of a house's hover summary. W, M, S and I abbreviate wealth, manpower, supplies and influence; influence is shown against legitimacy.",[W {wealth} · M {manpower} · S {supplies} · I {influence}/{legitimacy}]
ui.house.great,"A great house's name in lists and labels: a house that has at least one vassal. {name} is its plain name, e.g. 'House Veyrin'.",[Great {name}]
ui.hover.standing.great,"A house's standing, in its hover summary: one of the great houses.",[great house]
ui.hover.standing.imperial,"An organisation's standing, in its hover summary: the imperial government.",[Imperial government]
ui.hover.standing.independent,"A house's standing, in its hover summary: answering to nobody.",[independent house]
ui.hover.standing.vassal,A house's standing when it is a vassal but its liege is unknown.,[vassal house]
ui.hover.standing.vassal-of,"A house's standing, in its hover summary. {liege} is the house it answers to.",[vassal of {liege}]
ui.identity.leaderless,Shown in the top-bar identity when the player's house currently has no head.,[leaderless]
ui.identity.no-house,Shown in the top-bar identity when the player has no house at all.,[No house]
ui.inspector.army.general,Label before an army's general.,Led by
ui.inspector.army.no-standing-orders,Shown when an army has no standing orders set.,It waits for orders.
ui.inspector.army.standing-at,Label before where an army is standing.,Standing at
ui.inspector.army.standing-orders,Heading for the list of things an army may start on its own.,Standing orders
ui.inspector.army.standing-orders.hover,"Tooltip explaining standing orders.","Each day this army starts the first of these it is able to. It can never start something you could not have ordered by hand."
ui.inspector.army.strength,An army's manpower and supplies. {men} {supplies},{men} men · {supplies} supplies
ui.inspector.body.open-map,Button in the inspector that opens the selected body's surface map.,[Open strategic view]
ui.inspector.body.provinces,"Row label in the body inspector, counting the provinces on that body.",[Provinces]
ui.inspector.body.radius,"Row label in the body inspector, for the body's radius.",[Radius]
ui.inspector.body.radius-value,Value beside the radius row. {km} is a whole number of kilometres.,[{km} km]
ui.inspector.body.stable-id,"Row label in the body inspector, for the body's internal stable ID. A debugging aid shown to the player.",[Stable ID]
ui.inspector.character.age,Line in the character inspector for a living character. {years} is a whole number.,[Age {years}]
ui.inspector.character.at,Line in the character inspector naming where the character currently is. {place} is a province or other location name.,[At: {place}]
ui.inspector.character.died,Line in the character inspector for a dead character. {date} is a campaign date.,[Died {date}]
ui.inspector.character.opinion-of-them,Line in the character inspector giving the opinion the player's head of house holds of this character. {opinion} is a signed number such as +40.,[Your head's opinion of them: {opinion}]
ui.inspector.character.opinion-of-you,Line in the character inspector giving this character's opinion of the player's head of house. {opinion} is a signed number.,[Their opinion of your head: {opinion}]
ui.inspector.character.parent,"Row label in the character inspector, before a parent's name.",[Parent:]
ui.inspector.character.spouse,"Row label in the character inspector, before a spouse's name.",[Spouse:]
ui.inspector.character.traits,Line listing a character's traits. {traits} is a comma-separated list.,[Traits: {traits}]
ui.inspector.character.travel-to,Placeholder text on the closed travel dropdown in the character inspector.,[Travel to...]
ui.inspector.nothing-selected,Shown in the inspector panel when the player has selected nothing.,"[Select a body, province, house, or character.]"
ui.inspector.org.defunct,Marker shown on a house that no longer exists. Upper case for emphasis.,[DEFUNCT]
ui.inspector.org.great-house,Line in the house inspector for a house of the highest tier.,[Great house]
ui.inspector.org.head,"Row label in the house inspector, before the name of its head.",[Head:]
ui.inspector.org.imperial,Line in the organisation inspector for the imperial government rather than a house.,[Imperial government]
ui.inspector.org.independent,Line in the house inspector for a house that answers to nobody.,[Independent house]
ui.inspector.org.members,"Row label in the house inspector, before the list of its living members.",[Members:]
ui.inspector.org.no-head,Shown in place of a name when a house currently has no head.,[None]
ui.inspector.org.no-liege,Shown in place of a name when a vassal house's liege is unknown. An em dash.,[—]
ui.inspector.org.obligations,"Row label in the house inspector, before its standing obligations.",[Obligations:]
ui.inspector.org.obligations.hover,"Tooltip on the obligations row, explaining that obligations are facts rather than feelings.","[Favours, promises and grievances binding this house. These are political facts, separate from how anyone feels: a house may dislike its creditor and still owe it.]"
ui.inspector.org.titles-held,Line in the house inspector counting the titles it holds. {count} is a whole number.,[Titles held: {count}]
ui.inspector.org.vassal-of,"Row label in the house inspector, before the name of the house it answers to.",[Vassal of]
ui.inspector.province.army,"Line for one army standing in the selected province. The crossed-swords glyph opens it. {army} is the army's name, {men} its strength.",[⚔ {army} ({men} men)]
ui.inspector.province.army.hover,Tooltip on an army listed under a province.,Open this army
ui.inspector.province.forces,"Row label in the province inspector, before the armies and ships standing there.",[Forces here:]
ui.inspector.province.held-by,"Row label in the province inspector, before the name of whoever holds it.",[Held by]
ui.inspector.province.latitude,"Row label in the province inspector, for its latitude on the body.",[Latitude]
ui.inspector.province.longitude,"Row label in the province inspector, for its longitude on the body.",[Longitude]
ui.inspector.province.map-mode-says,Prefix before what the active map mode says about the selected province. {mode} is the map mode's name.,[{mode}:]
ui.inspector.province.no-holder,Shown in the held-by row when nobody holds the province.,[No one]
ui.inspector.province.of-body,Line under a province's name naming the body it sits on. {body} is a body name.,[Province of {body}]
ui.inspector.province.order,"Row label in the province inspector, before its order percentage.",[Order]
ui.inspector.province.order.hover,"Tooltip on the order reading, explaining what provincial order does.","[How governable this province is. It scales what the province pays and how reliably it is defended, and a province left in unrest will throw off its ruler entirely.]"
ui.inspector.province.output,"Row label in the province inspector, before its monthly output figures.",[Monthly output]
ui.inspector.province.output-value,"The three monthly output figures. W, M and S abbreviate wealth, manpower and supplies.",[W {wealth} / M {manpower} / S {supplies}]
ui.inspector.province.ship,Line for one ship docked at the selected province. The anchor glyph opens it. {ship} is the ship's name.,[⚓ {ship}]
ui.inspector.province.ship.hover,Tooltip on a ship listed under a province.,Open this ship
ui.inspector.province.unrest,Warning line in the province inspector when the province is counting down to revolt. {days} is a number of days.,[In unrest — revolts in {days} days]
ui.inspector.province.unrest.hover,"Tooltip on the unrest warning, naming the ways out of it.","[Garrison it, go there in person, or hold court to restore order before the province is lost.]"
ui.inspector.ship.captain,Label before a ship's captain.,Captained by
ui.inspector.ship.no-captain,"Shown where a ship's captain would be, when it has none.",nobody
ui.inspector.skill.command,"Row label in the character inspector for the command skill, which governs warfare.",[Command]
ui.inspector.skill.diplomacy,Row label in the character inspector for the diplomacy skill.,[Diplomacy]
ui.inspector.skill.intrigue,Row label in the character inspector for the intrigue skill.,[Intrigue]
ui.inspector.skill.stewardship,"Row label in the character inspector for the stewardship skill, which governs administration.",[Stewardship]
ui.inspector.unknown,Stand-in shown where a name should be but none could be resolved.,[Unknown]
ui.assignment.costs,Line in a assignment's tooltip listing what it costs. {costs} is a comma-separated list of amounts.,[Cost: {costs}]
ui.assignment.risks,Line in a assignment's tooltip listing what its leader risks. {risks} is a comma-separated list.,[Risks: {risks}]
ui.assignments.cancel,Button that calls off a assignment under way.,[Cancel]
ui.assignments.en-route,"One row of the active-assignments panel for an order given but not yet under way. {assignment} is its title, {leader} who will lead it, {date} the day it reaches the field.","[{assignment} — {leader} (en route, arrives {date})]"
ui.assignments.none,Shown in the active-assignments panel when nothing is under way.,[No assignments under way.]
ui.assignments.row,"One row of the active-assignments panel. {assignment} is the assignment's title, {leader} who leads it, {days} how many days remain; the d abbreviates days.",[{assignment} — {leader} ({days}d left)]
ui.ledger.no-map,"Shown in the map ledger panel when no body's map is open, so there are no colours to explain.",[Open a body's map to see what its colours mean.]
ui.ledger.values-on-map,"Footnote in the map ledger for graded map modes, telling the player the numbers are drawn on the globe itself.",[Values are printed on the map.]
ui.legend.claim.contending,"Map legend key, claim-pressure mode: a house holding some but not the most provinces on this body.",[Contending]
ui.legend.claim.leading,"Map legend key, claim-pressure mode: the house currently leading the claim to this body.",[Leading]
ui.legend.claim.out,"Map legend key, claim-pressure mode: a house with too few provinces to matter to the claim.",[Out of it]
ui.legend.military.empty,"Map legend key, military mode: no troops standing in the province.",[Empty]
ui.legend.military.others,"Map legend key, military mode: troops belonging to someone other than the player.",[Others]
ui.legend.military.yours,"Map legend key, military mode: the player's own troops.",[Yours]
ui.legend.my-control.direct,"Map legend key, my-realm mode: provinces the player's house holds itself.",[Held directly]
ui.legend.my-control.further,"Map legend key, my-realm mode: provinces two or more steps down the chain of vassalage.",[Further down]
ui.legend.my-control.outside,"Map legend key, my-realm mode: provinces outside the player's realm entirely.",[Not your realm]
ui.legend.my-control.vassal,"Map legend key, my-realm mode: provinces held one step down the chain of vassalage.",[Through a vassal]
ui.legend.order.loyal,"Map legend key, order mode: the highest band of provincial order.",[Loyal]
ui.legend.order.restive,"Map legend key, order mode: low order, not yet in unrest.",[Restive]
ui.legend.order.settled,"Map legend key, order mode: comfortable provincial order.",[Settled]
ui.legend.order.unrest,"Map legend key, order mode: the province is in open unrest and counting down to revolt.",[In unrest]
ui.legend.relations.friendly,"Map legend key, relations mode: the holder thinks well of the player's house.",[Friendly]
ui.legend.relations.hostile,"Map legend key, relations mode: the holder thinks badly of the player's house.",[Hostile]
ui.legend.relations.indifferent,"Map legend key, relations mode: the holder has no strong opinion of the player's house.",[Indifferent]
ui.legend.relations.yours,"Map legend key, relations mode: the player's own holdings, which have no opinion to show.",[Yours]
ui.legend.wealth.middling,"Map legend key, wealth mode: the middle of the range of provincial output.",[Middling]
ui.legend.wealth.poor,"Map legend key, wealth mode: the lowest provincial output.",[Poor]
ui.legend.wealth.rich,"Map legend key, wealth mode: the highest provincial output.",[Rich]
ui.listing.army.hover,Tooltip on an army row in the listing.,Open this army
ui.listing.bodies,Heading above the list of celestial bodies in the listing panel.,[Bodies]
ui.listing.disband,Button that dissolves an army back into the population.,[Disband]
ui.listing.forces,Heading above the player's armies and ships in the listing panel.,[Forces]
ui.listing.has-standing-orders,Marker beside an army in the listing that has standing orders.,(standing orders)
ui.listing.houses,Heading above the list of houses in the listing panel.,[Houses]
ui.listing.move-to,Placeholder on the closed dropdown that sends a ship somewhere.,[Move to...]
ui.listing.provinces,Heading above the list of provinces in the listing panel.,[Provinces]
ui.listing.ship.hover,Tooltip on a ship row in the listing.,Open this ship
ui.location.unknown,Shown where a character's location should be but none is recorded.,[Unknown]
ui.log.channel.economy,"Name of the log channel carrying money, supply, and provincial order.",[Economy]
ui.log.channel.events,Name of the log channel carrying contextual events.,[Events]
ui.log.channel.assignments,Name of the log channel carrying assignment results.,[Assignments]
ui.log.channel.military,"Name of the log channel carrying war, sieges, and movement.",[Military]
ui.log.channel.politics,"Name of the log channel carrying succession, obligations, and standing.",[Politics]
ui.log.filter-hint,Placeholder inside the empty log filter box.,[Filter…]
ui.log.go-to-subject,Tooltip on a log entry that can be clicked to select what it is about.,[Show what this is about]
ui.log.mine-only,Toggle in the log panel that hides entries not concerning the player's house.,[Mine]
ui.log.mine-only.hover,Tooltip on the mine-only toggle.,[Show only entries concerning your own house.]
ui.log.no-campaign,"Shown in the log panel before a campaign has started, so there is nothing to log.",[No campaign is running.]
ui.log.no-matches,Shown in the log panel when the filter excludes every entry.,[Nothing matches this filter.]
ui.map-mode.claim.description,"Hover description of the claim-pressure map mode, on its toolbar button.","[Each province's weight in the race for the Paramountcy: who leads, who is contesting, and who is out of it.]"
ui.map-mode.claim.hint.held,"Province hover hint, claim-pressure mode. {holder} is a house name, {held} how many provinces it holds on this body, {total} how many there are.",[{holder} holds {held} of {total} provinces here]
ui.map-mode.claim.hint.leading,"As ui.map-mode.claim.hint.held, but this house is currently leading the claim to the body.",[{holder} holds {held} of {total} provinces here — currently leading the claim]
ui.map-mode.claim.hint.unclaimed,"Province hover hint, claim-pressure mode, when nobody holds the province.",[Unclaimed: it counts for nobody's claim]
ui.map-mode.claim.label,"Name of the claim-pressure map mode, on its toolbar button. Kept to one word.",[Claim]
ui.map-mode.claim.value.unclaimed,Value printed on an unheld province in claim-pressure mode. An em dash standing for no count.,[—]
ui.map-mode.great-house.description,Hover description of the great-house map mode.,"[Which great house each province ultimately answers to, following its holder's liege chain.]"
ui.map-mode.great-house.label,"Name of the great-house map mode, on its toolbar button.",[Great House]
ui.map-mode.holder.description,Hover description of the holder map mode.,[Who directly holds each province.]
ui.map-mode.holder.hint.direct,"Province hover hint in the my-realm map mode, when the player's own house holds the province directly.",[Held directly by your house]
ui.map-mode.holder.hint.held,Province hover hint in the holder and great-house map modes. {holder} is a house or organisation name.,[Held by {holder}]
ui.map-mode.holder.hint.lost,"Province hover hint in the holder map mode, when nobody holds the province — it has revolted or was never taken.",[Unclaimed — in revolt or never held]
ui.map-mode.holder.hint.outside,"Province hover hint in the my-realm map mode, when the province is held outside the player's chain of vassalage. {holder} is a house or organisation name.",[{holder} — outside your realm]
ui.map-mode.holder.hint.unclaimed,"Province hover hint in the my-realm map mode, when nobody holds the province.",[Unclaimed — answers to nobody]
ui.map-mode.holder.hint.vassal.one,Province hover hint when the province is held one step down the player's chain of vassalage. {holder} is a house or organisation name.,"[Held by {holder}, 1 step down your chain of vassalage]"
ui.map-mode.holder.hint.vassal.other,Plural form of ui.map-mode.holder.hint.vassal.one; {hops} is 2 or more.,"[Held by {holder}, {hops} steps down your chain of vassalage]"
ui.map-mode.holder.label,"Name of the holder map mode, on its toolbar button. Kept to one word.",[Holder]
ui.map-mode.holder.value.direct,Value printed on the province in the my-realm map mode when the player holds it directly. Kept short — it is drawn on the globe.,[direct]
ui.map-mode.holder.value.vassal,Value printed on the province in the my-realm map mode when a vassal holds it. {holder} is a house name. Kept short — it is drawn on the globe.,[via {holder}]
ui.map-mode.military.description,Hover description of the military map mode.,[Where the fighting strength stands.]
ui.map-mode.military.hint.empty,"Province hover hint, military mode, when no troops are standing in the province.",[No troops standing here]
ui.map-mode.military.hint.garrison,"Province hover hint, military mode. {men} is a troop count, {owner} the house whose force is strongest there.","[{men} men here, the strongest under {owner}]"
ui.map-mode.military.label,"Name of the military map mode, on its toolbar button. Kept to one word.",[Military]
ui.map-mode.my-control.description,Hover description of the my-realm map mode.,"[What answers to you: ground you hold yourself, ground held through your vassals, and ground that is not yours at all.]"
ui.map-mode.my-control.label,"Name of the my-realm map mode, on its toolbar button.",[My Realm]
ui.map-mode.order.description,Hover description of the order map mode.,"[How governable each province is. Provinces in unrest are marked, and will throw off their ruler if left.]"
ui.map-mode.order.hint,"Province hover hint, order mode. {percent} is provincial order as a percentage; {pressure} is a phrase describing what is pushing on it.",[Order {percent}% — {pressure}]
ui.map-mode.order.hint.revolt,"Second line of the order-mode hover hint, shown only when the province is in unrest and counting down. {days} is a number of days.",[In unrest: revolts in {days} days]
ui.map-mode.order.label,"Name of the order map mode, on its toolbar button. Kept to one word.",[Order]
ui.map-mode.relations.description,Hover description of the relations map mode.,[How each province's holder regards your house.]
ui.map-mode.relations.hint.opinion,"Province hover hint, relations mode. {holder} is a house name; {opinion} is a signed number such as +40 or -15.",[{holder} regards your house at {opinion}]
ui.map-mode.relations.hint.unclaimed,"Province hover hint, relations mode, when nobody holds the province.",[Unclaimed]
ui.map-mode.relations.hint.you,"Province hover hint, relations mode, for the player's own holdings.",[Your own holding]
ui.map-mode.relations.label,"Name of the relations map mode, on its toolbar button. Kept to one word.",[Relations]
ui.map-mode.relations.value.you,Value printed on the player's own provinces in relations mode. Kept short — it is drawn on the globe.,[you]
ui.map-mode.wealth.description,Hover description of the wealth map mode.,[What each province is worth in monthly output.]
ui.map-mode.wealth.hint,"Province hover hint, wealth mode. {output} is the province's monthly wealth output.",[Worth {output} wealth a month at full order]
ui.map-mode.wealth.label,"Name of the wealth map mode, on its toolbar button. Kept to one word.",[Wealth]
ui.military-op.besiege,A military operation: investing a province to take its title.,[Besiege]
ui.military-op.blockade,A military operation: closing a province's approaches with a ship.,[Blockade]
ui.military-op.move,A military operation: marching an army to another province.,[Move]
ui.military-op.patrol,A military operation: standing guard where the army already is.,[Patrol]
ui.military-op.raid,A military operation: striking a province for loot rather than to hold it.,[Raid]
ui.military-op.resupply,A military operation: refilling an army's supply train from the house's stores.,[Resupply]
ui.obligation.favour.label,The name of a favour — an obligation one house owes another for a good turn done.,[Favour]
ui.obligation.favour.owed-from,Shown before the name of a house that owes the selected house a favour.,[Favour from]
ui.obligation.favour.owed-to,Shown before the name of a house the selected house owes a favour to.,[Favour to]
ui.obligation.grievance.label,The name of a grievance — a wrong one house holds against another.,[Grievance]
ui.obligation.grievance.owed-from,Shown before the name of a house that holds a grievance against the selected house.,[Grievance from]
ui.obligation.grievance.owed-to,Shown before the name of a house the selected house holds a grievance against.,[Grievance to]
ui.obligation.lapses,"Line in an obligation's tooltip giving when it expires. {date} is a campaign date, {days} a whole number.",[Lapses {date} ({days} days)]
ui.obligation.origin,Line in an obligation's tooltip naming what created it. {origin} is a short phrase.,[Origin: {origin}]
ui.obligation.promise.label,The name of a promise — an undertaking one house has given another.,[Promise]
ui.obligation.promise.owed-from,Shown before the name of a house that has promised the selected house something.,[Promise from]
ui.obligation.promise.owed-to,Shown before the name of a house the selected house has promised something to.,[Promise to]
ui.obligation.stands,Line in an obligation's tooltip for one with no expiry date.,[Stands until settled]
ui.obligation.status.broken,An obligation's standing: it was owed and was not honoured.,[broken]
ui.obligation.status.expired,An obligation's standing: it ran out before it was settled.,[expired]
ui.obligation.status.fulfilled,An obligation's standing: it was settled as it should have been.,[fulfilled]
ui.obligation.status.open,An obligation's standing: it still binds.,[open]
ui.obligation.weight,Line in an obligation's tooltip giving how much it counts for. {weight} is a number.,[Weight {weight}]
ui.panel-toggle.hidden,Line in a panel toggle's tooltip when that panel is currently put away.,[Not showing.]
ui.panel-toggle.how,"Line in every panel toggle's tooltip spelling out the right-click affordance, which is otherwise invisible.","[Click to dock left, right-click to dock right.]"
ui.panel-toggle.showing,"Line in a panel toggle's tooltip naming where that panel currently sits. {side} is left, right, or bottom.",[Showing on the {side}.]
ui.panel.close,Tooltip on the ✕ button in every panel header.,[Close this panel.]
ui.panel.inspector.description,"Tooltip for the inspector panel, on its header and its toolbar toggle.","[Whatever you currently have selected, in detail.]"
ui.panel.inspector.title,"Title of the inspector panel, in its header.",[Inspector]
ui.panel.assignments.description,Tooltip for the active-assignments panel.,"[Assignments under way, and how long each has left.]"
ui.panel.assignments.title,"Title of the active-assignments panel, in its header.",[Active Assignments]
ui.panel.idle.description,Tooltip for the idle panel.,"[Household members you could put to work: the unassigned, and those on an assignment you could interrupt.]"
ui.panel.idle.title,"Title of the idle panel, in its header.",[Idle]
ui.panel.idle.unassigned,Heading above household members with no assignment at all.,[Unassigned]
ui.panel.idle.interruptible,Heading above household members leading one of your assignments you could call off.,[On an assignment you could interrupt]
ui.panel.idle.none,Shown in the idle panel when no household member is free or interruptible.,[Nobody in your household is free to reassign.]
ui.panel.ledger.description,Tooltip for the map ledger panel.,[What the colours on the map mean.]
ui.panel.ledger.title,"Title of the map ledger panel, in its header.",[Map Ledger]
ui.panel.specimen.description,Tooltip for the theme specimen panel — a native-only design tool.,Every design token drawn in context.
ui.panel.specimen.title,"Title of the theme specimen panel, in its header.",Theme Specimen
ui.panel.listing.description,Tooltip for the listing panel.,"[Bodies, houses, and the forces you command.]"
ui.panel.listing.title,"Title of the listing panel, in its header.",[Listing]
ui.panel.log.description,Tooltip for the log panel.,"[What has happened, filterable by channel.]"
ui.panel.log.title,"Title of the log panel, in its header.",[Log]
ui.panel.move-to,"Tooltip on the buttons that move a panel to another edge. {side} is left, right, or bottom.",[Move to the {side}.]
ui.picker.candidate,"One candidate row in the leader picker. {name} is a character name, {skill} their rating in the governing skill, {chance} their odds as a percentage.",[{name} — skill {skill} — {chance}]
ui.picker.candidate.assigned,Appended to a candidate row when they already hold a standing command. {assignment} names it.,[ — {assignment}]
ui.picker.committed,"Divider label in the leader picker, above house members who cannot take the assignment on.",[Committed elsewhere]
ui.picker.committed.hover,"Tooltip on a house member who cannot take the assignment on. {name} is their name, {reason} the simulation's account of why not.",[{name} cannot lead this: {reason}.]
ui.picker.committed.row,"One row for a house member who cannot take the assignment on. {name} is their name, {reason} where they are instead.",[{name} — {reason}]
ui.picker.empty.all-committed,Shown in the leader picker when everyone capable is already busy.,[Everyone who could lead this is committed.]
ui.picker.empty.cancel-one,Shown under the all-committed message when no release date is known.,[Cancel one of the assignments below to free someone.]
ui.picker.empty.nobody,Shown in the leader picker when nobody in the house could ever lead this assignment.,[Nobody in your house can lead this.]
ui.picker.empty.wait-until,"Shown under the all-committed message, naming when the first member frees up. {date} is a campaign date.","[Cancel a assignment below, or wait — the first comes free on {date}.]"
ui.picker.title,Title of the leader picker window. {assignment} is the assignment being staffed.,[Who leads: {assignment}]
ui.picker.title.generic,Title of the leader picker window before a assignment is known.,[Who leads this]
ui.picker.close,Visible button that closes the leader picker and returns to its opener.,[Close]
ui.resource.influence,"The influence reading in the resource bar, shown against the house's legitimacy ceiling. I abbreviates influence.",[I {influence}/{legitimacy}]
ui.resource.manpower.hover,Tooltip on the manpower reading in the resource bar.,"[Manpower — people to staff assignments, garrisons, and armies]"
ui.resource.supplies.hover,Tooltip on the supplies reading in the resource bar.,"[Supplies — sustains armies, fleets, and expeditions]"
ui.resource.wealth.hover,Tooltip on the wealth reading in the resource bar.,"[Wealth — funds assignments, personnel, and construction]"
ui.projection.flat,Label on the button that switches the map to a flat projection.,Flat
ui.projection.globe,Label on the button that switches the map back to a globe.,Globe
ui.projection.hover,Tooltip on the map projection toggle.,"A globe is truthful about distance; a flat map shows both hemispheres at once."
ui.result.critical-success,A assignment outcome: better than success.,[Critical success]
ui.result.disaster,A assignment outcome: worse than failure.,[Disaster]
ui.result.failure,A assignment outcome: the assignment did not achieve what it set out to.,[Failure]
ui.result.success,A assignment outcome: the assignment achieved what it set out to.,[Success]
ui.risk.capture,A risk a assignment can expose its leader to: being taken and held.,[Capture]
ui.risk.death,A risk a assignment can expose its leader to: dying.,[Death]
ui.risk.incapacity,A risk a assignment can expose its leader to: being unable to act for a while.,[Incapacity]
ui.risk.injury,A risk a assignment can expose its leader to: physical harm laying them up.,[Injury]
ui.risk.scandal,A risk a assignment can expose its leader to: public disgrace.,[Scandal]
ui.search.no-matches,Shown in the search results when nothing matches what was typed.,[No matches.]
ui.search.tag.character,Tag beside a search result naming what kind of thing it is.,[character]
ui.search.tag.house,Tag beside a search result naming what kind of thing it is.,[house]
ui.search.tag.province,Tag beside a search result naming what kind of thing it is.,[province]
ui.ship-class.capital,A ship class: the heaviest warships.,[Capital]
ui.ship-class.patrol,A ship class: light ships for watching and screening.,[Patrol]
ui.ship-class.transport,A ship class: ships that carry rather than fight.,[Transport]
ui.situation.heading,Heading of the strip over the map listing what needs the player's attention.,[Needs attention:]
ui.situation.heading.hover,Tooltip on the needs-attention heading.,[Threats to your holdings. Click one to go to it.]
ui.situation.occupied.detail,"Body of the needs-attention item for an occupied province. {occupier} is a house name, {men} a troop count, {province} the province name.","[{occupier} has {men} men standing in {province}, and its order is falling while they remain.]"
ui.situation.occupied.headline,Headline of the needs-attention item when someone else's troops are standing on the player's ground. Kept very short — it sits in a narrow strip.,[{province} occupied]
ui.situation.restive.detail,Body of the needs-attention item for a province with falling order. {percent} is provincial order as a percentage.,[Order in {province} has fallen to {percent}%. It will not recover unless you attend to it.]
ui.situation.restive.headline,Headline of the needs-attention item for a province whose order has fallen well below its starting level. Kept very short.,[{province} is restive]
ui.situation.revolt.detail,"Body of the needs-attention item for a province about to revolt, naming the ways out.","[{province} is in open unrest. Garrison it, go there in person, or hold court to restore order before it throws you off.]"
ui.situation.revolt.headline,Headline of the needs-attention item for a province counting down to revolt. {days} is a number of days; the d is an abbreviation for days. Kept very short.,[{province} revolts in {days}d]
ui.top-bar.back-to-system,Button in the top bar that leaves a body's surface map and returns to the system view. The < is a back arrow.,[< System]
ui.top-bar.campaign-over,Banner shown in the top bar when the campaign has ended. {reason} explains how.,[CAMPAIGN OVER — {reason}]
ui.top-bar.local-system,Label in the top bar when the system view is showing rather than a body's surface.,[Local System]
ui.top-bar.pause,Top bar button that stops campaign time. Shown while time is running.,[Pause]
ui.top-bar.resume,Top bar button that starts campaign time. Shown while paused.,[Resume]
ui.top-bar.search-hint,Placeholder text inside the empty search box in the top bar.,[Search…]
ui.preferences.density,Label for the interface density chooser.,[Density]
ui.preferences.density-comfortable,Comfortable interface density choice with larger spacing and controls.,[Comfortable]
ui.preferences.density-compact,Compact interface density choice that preserves the original strategic workspace.,[Compact]
ui.preferences.note,Explanation beneath interface preference controls.,[Scale changes the whole interface. Density changes spacing and control size without hiding information.]
ui.preferences.open,Top-bar button that opens campaign interface settings.,[Settings]
ui.preferences.scale,Label for the interface scale chooser.,[Interface scale]
ui.preferences.scale-100,Interface scale choice at one hundred percent.,[100%]
ui.preferences.scale-125,Interface scale choice at one hundred and twenty-five percent.,[125%]
ui.preferences.scale-150,Interface scale choice at one hundred and fifty percent.,[150%]
ui.preferences.scale-200,Interface scale choice at two hundred percent.,[200%]
ui.preferences.title,Heading for interface preferences on the title and campaign surfaces.,[Interface]
ui.preferences.close,Visible button that closes interface preferences and returns to its opener.,[Close]
ui.window.title,"The game's name, shown in the title bar of the window and on the taskbar.",[The Last Aeons]
sim.plan.adopted,"Log line when a house's head adopts a plan, giving the pressure behind it. {house} is the house, {plan} the plan's title, {reason} why.",[{house} has set its mind to '{plan}': {reason}.]
sim.plan.completed,Log line when a plan is seen through to the end. {house} {plan},[{house} has seen '{plan}' through.]
sim.plan.abandoned,Log line when a plan is given up. {house} {plan},[{house} has abandoned '{plan}'.]
sim.plan.abandoned-no-grounds,"Log line when a plan is given up because its authored grounds no longer hold — a method gate or the plan's own abandon_when, such as a relationship reconciled past the authored line. {house} {plan}",[{house} has let '{plan}' go: the grounds for it no longer hold.]
sim.situation.activated,"Log line when an authored Situation whose definition requests history first appears. {situation} is its displayed title.",[{situation} began.]
sim.situation.unavailable,"Log diagnostic written once when a Situation script cannot be evaluated. {situation} is its displayed title and {error} is the deterministic content error.",[Situation '{situation}' is unavailable: {error}]
plan.press-the-claim.title,Plan title: the campaign to take the planetary paramountcy.,[Press the Claim]
plan.press-the-claim.summary,One-line summary of the claim campaign.,"[A campaign to fund, arm, endorse, and declare a claim to the Paramountcy.]"
plan.prepare-claimant-challenge.title,Plan title: building the strength needed to challenge the leading claimant.,[Prepare the Claimant Challenge]
plan.prepare-claimant-challenge.summary,One-line summary of the plan to prepare for a claimant war.,[Raise enough strength to challenge the foremost rival for the Paramountcy.]
plan.challenge-leading-claimant.title,Plan title: formally challenging the strongest rival claimant.,[Challenge the Leading Claimant]
plan.challenge-leading-claimant.summary,One-line summary of the plan to declare a claimant war.,[Declare formal war upon the foremost rival claimant.]
plan.prosecute-claimant-war.title,Plan title: conducting an active war between paramount claimants.,[Prosecute the Claimant War]
plan.prosecute-claimant-war.summary,One-line summary of the plan to fight or settle a claimant war.,[Take the rival's ground or negotiate an end to the formal war.]
plan.answer-a-grievance.title,Plan title: answering a grievance another house holds.,[Answer a Grievance]
plan.answer-a-grievance.summary,One-line summary of the grievance plan.,"[Mend what was wronged - from strength directly, from weakness by rebuilding standing first.]"
plan.shore-up-standing.title,Plan title: rebuilding thin political standing.,[Shore Up Standing]
plan.shore-up-standing.summary,One-line summary of the standing plan.,[Win friends and endorsements until the house's standing recovers.]
sim.plan.rumour,"Log line for the player when a rival's newly adopted plan is aimed at them or their holding. {house} is the plotting house, {target} what it concerns.",[You hear whispers that {house} intends something concerning {target}.]
ui.inspector.character.pursuing,Inspector line naming the plan an autonomous character is pursuing. {plan} is the plan's title.,[Pursuing: {plan}]
sim.plan.ordered,Log line when a plan gives an army new standing orders. {army} is the army's name.,[{army} was given new standing orders.]
plan.ready-the-levies.title,Plan title: answering occupied ground with an armed levy.,[Ready the Levies]
plan.ready-the-levies.summary,One-line summary of the defence campaign.,[Raise a levy if none stands and point it at whatever ground is threatened.]
plan.steady-the-shires.title,Plan title: a household ambition to settle restive holdings.,[Steady the Shires]
plan.steady-the-shires.summary,One-line summary of the household ambition.,[Hold court and tour the holdings until the realm sits quieter.]
ui.title.new-game,Title screen button: start the authored scenario afresh.,[New Game]
ui.title.continue,Title screen button: restore the autosaved campaign. Native builds only.,[Continue]
ui.title.spectator,Title screen tickbox: start with no player house and watch.,[Spectator mode]
ui.title.spectator-note,Small print under the spectator tickbox explaining what it means.,"[No house is yours: every court acts on its own, and the whole interface is a window to watch through.]"
ui.loading,Loading screen label shown while the game presentation assets are fetched.,[Loading the local system...]
sim.goal.adopted,"Log line when a house sets its mind to a grand ambition. {house} is the house, {goal} the ambition's title.",[{house} has set its mind to a greater end: {goal}.]
sim.goal.achieved,"Log line when a house's ambition is achieved. {house} {goal}",[{house} has achieved its aim: {goal}.]
sim.goal.set-aside,"Log line when a house lets a grand ambition lapse. {house} {goal}",[{house} has set aside its ambition: {goal}.]
sim.goal.set-aside-no-grounds,"Log line when a house sets a grand ambition aside because its authored grounds no longer hold against its target — such as a rival's head reconciled past the authored line with no grievance and no war between the houses. Starts no cooldown. {house} {goal}",[{house} has set aside its ambition: {goal}. The grounds for it no longer hold.]
ui.inspector.org.liege-asks,Inspector heading over what the player's liege wishes of them.,[Your liege asks:]
ui.inspector.org.ask-of-them,Inspector heading over the directive the player may press on a vassal.,[Ask of them:]
ui.inspector.org.no-directive,Shown when the player has pressed no directive on a vassal.,[nothing in particular]
ui.inspector.org.clear-directive,Button that withdraws a directive from a vassal.,[Withdraw]
ui.directive.muster,A directive naming the muster pressure.,[Raise troops]
ui.directive.order,A directive naming the order pressure.,[Keep order]
ui.directive.standing,A directive naming the standing pressure.,[Shore up standing]
ui.directive.resources,A directive naming the resources pressure.,[Fill the coffers]
ui.directive.obligation,A directive naming the obligation pressure.,[Answer obligations]
ui.directive.claim,A directive naming the claim pressure.,[Press a claim]
ui.directive.routine,A directive naming ordinary business.,[Ordinary business]
goal.become-consul.title,Goal title: working toward the Consulship.,[Win the Consulship]
goal.become-consul.summary,One-line summary of the become-consul ambition.,[Shore up standing against the day the Consul's seat falls vacant.]
goal.take-the-planet.title,Goal title: pressing the planetary paramountcy.,[Take the Planet]
goal.take-the-planet.summary,One-line summary of the take-the-planet ambition.,[Bend everything toward pressing a claim to the Paramountcy.]
goal.conquer-a-neighbour.title,Goal title: conquering a weaker neighbour.,[Conquer a Neighbour]
goal.conquer-a-neighbour.summary,One-line summary of the conquer ambition.,[Arm against a weaker rival and call the vassals to muster.]
ui.inspector.province.buildings,Inspector heading over the buildings a province has raised.,[Built:]
good.grain.name,Name of the grain commodity.,[Grain]
good.ore.name,Name of the ore commodity.,[Ore]
building.granary.name,Name of the granary building.,[Granary]
building.granary.summary,One-line summary of the granary.,"[Lifts a province's grain, easing a hungry world.]"
assignment.raise-a-granary.title,Title of the granary-construction assignment.,[Raise a Granary]
assignment.raise-a-granary.summary,One-line summary of raising a granary.,[Build a granary on one of your provinces to grow more grain.]
ship.karvess-hauler.name,Name of Veyrin's freighter out of Karvessa.,[Karvess Hauler]
assignment.assassinate.title,Title of the assassination assignment.,[Have Them Killed]
assignment.assassinate.summary,One-line summary of assassination.,"[Send an agent to end a rival's life. Hard, and deadly if it goes wrong.]"
assignment.assassinate.critical-success.popup-text,Popup when an assassination succeeds cleanly.,[Your agent found the moment. The mark will not see another dawn.]
assignment.assassinate.success.popup-text,Popup when an assassination succeeds.,"[It is done. The mark is dead, and no thread leads back to you.]"
assignment.assassinate.disaster.popup-text,Popup when an assassination is exposed.,"[The attempt failed and was traced to your house; a grievance is sworn against you.]"
assignment.abduct.title,Title of the abduction assignment.,[Have Them Taken]
assignment.abduct.summary,One-line summary of abduction.,[Send an agent to seize a rival and hold them out of the game.]
assignment.abduct.success.popup-text,Popup when an abduction succeeds.,"[The mark is taken, and will trouble no one for a long while.]"
assignment.abduct.disaster.popup-text,Popup when an abduction is exposed.,"[The seizure was bungled and traced to you; a grievance is sworn against your house.]"
assignment.foment-unrest.title,Title of the foment-unrest sabotage assignment.,[Foment Unrest]
assignment.foment-unrest.summary,One-line summary of fomenting unrest.,[Stir a rival's province toward disorder.]
assignment.sabotage-works.title,Title of the sabotage-works assignment.,[Sabotage the Works]
assignment.sabotage-works.summary,One-line summary of sabotaging works.,[Wreck what a rival's province has built.]
assignment.sabotage-works.success.popup-text,Popup when sabotage succeeds.,[Your agents did their work; the building lies in ruins.]
assignment.declare-paramount-claim.title,Title of the personal Paramount claim declaration assignment.,[Declare a Claim]
assignment.declare-paramount-claim.summary,Summary of the personal Paramount claim declaration assignment.,[Publicly assert your head's personal right to the vacant Paramountcy. The claim dies with them and cannot be inherited.]
assignment.declare-paramount-claim.success.log-text,Log line after a personal Paramount claim is declared.,[{leader} has publicly declared a personal claim to the Paramountcy.]
assignment.renounce-paramount-claim.title,Title of the personal Paramount claim renunciation assignment.,[Renounce the Claim]
assignment.renounce-paramount-claim.summary,Summary of the personal Paramount claim renunciation assignment.,[Withdraw your head's personal claim to the Paramountcy.]
assignment.renounce-paramount-claim.success.log-text,Log line after a personal Paramount claim is renounced.,[{leader} has renounced their claim to the Paramountcy.]
assignment.declare-formal-war.title,Title of the formal war declaration assignment.,[Declare Formal War]
assignment.declare-formal-war.summary,Summary of the formal war declaration assignment.,[Issue a formal declaration against another organisation. Both leaders' current realm branches will be bound to the war.]
assignment.declare-formal-war.success.log-text,Log line after a formal war is declared.,[{leader} has issued a formal declaration of war against {target}.]
assignment.adopt-formal-war.title,Title of the formal war adoption assignment.,[Adopt the War]
assignment.adopt-formal-war.summary,Summary of the formal war adoption assignment.,[Enter a vassal's formal war on their side and assume authority over its peace.]
assignment.adopt-formal-war.success.log-text,Log line after a liege adopts a formal war.,[{leader} has adopted the war and taken command of their vassal's side.]
situation.planetary-succession.title,Title of the Situation tracking the vacant planetary Paramountcy.,[The Empty Paramountcy]
situation.planetary-succession.summary,Summary of the Situation tracking the vacant planetary Paramountcy.,[The old Paramount is dead. Independent house heads may declare a personal claim; only a claimant whose whole realm dominates the planet can press it.]
situation.planetary-succession.stage.unclaimed.title,Stage title while the Paramountcy has no declared claimants.,[No Claimant Has Spoken]
situation.planetary-succession.stage.unclaimed.summary,Stage summary while the Paramountcy has no declared claimants.,[The throne stands vacant. Any living adult head of an independent dynastic house may choose to enter the contest.]
situation.planetary-succession.stage.contested.title,Stage title while the Paramountcy has declared claimants.,[Claims Before the Planet]
situation.planetary-succession.stage.contested.summary,Stage summary while the Paramountcy has declared claimants.,[Declared heads measure their full realms against one another and may fight to settle whose right will stand.]
situation.planetary-succession.stage.contested.warning,Warning when a rival claimant can press the Paramountcy.,[A rival claimant now commands enough of the planet to press their claim.]
situation.planetary-succession.stage.pressing.title,Stage title while a claimant is pressing the Paramountcy.,[A Claim Is Being Pressed]
situation.planetary-succession.stage.pressing.summary,Stage summary while a claimant is pressing the Paramountcy.,"[One claimant has begun the long public work of turning dominance into authority; war, death, dependence, or lost ground may still stop them.]"
situation.planetary-succession.stage.pressing.warning,Warning while a claimant is pressing the Paramountcy.,[The succession may be settled if this attempt completes unopposed.]
situation.planetary-succession.stage.settled.title,Stage title used while freezing the final Paramountcy resolution.,[The Paramountcy Is Settled]
situation.planetary-succession.stage.settled.summary,Stage summary used while freezing the final Paramountcy resolution.,[A claimant has secured the vacant title.]
situation.planetary-succession.action.declare-claim.label,Button label for declaring a personal Paramount claim.,[Declare a Claim]
situation.planetary-succession.action.renounce-claim.label,Button label for renouncing a personal Paramount claim.,[Renounce the Claim]
situation.planetary-succession.action.press-claim.label,Button label for pressing a dominant Paramount claim.,[Press the Claim]
situation.planetary-succession.action.challenge-claimant.label,Button label for challenging another claimant with formal war.,[Challenge in War]
situation.planetary-succession.resolution.paramount-appointed.text,Resolution after a character wins the Paramountcy.,[{holder} has secured the Paramountcy of Ashkarr.]
situation.planetary-succession.resolution.closed.text,Fallback resolution when the succession closes another way.,[The struggle for the vacant Paramountcy has ended.]
situation.consular-vacancy.title,Title of the Situation tracking a vacant Consulship.,[The Empty Consular Seat]
situation.consular-vacancy.summary,Summary of the Situation tracking a vacant Consulship.,[Imperial candidates compete by political standing until the appointment deadline.]
situation.consular-vacancy.stage.open.title,Stage title during the main Consular contest.,[The Candidates Gather]
situation.consular-vacancy.stage.open.summary,Stage summary during the main Consular contest.,[The eligible court manoeuvres for standing while the Sanctora weighs its choice.]
situation.consular-vacancy.stage.final-days.title,Stage title during the final thirty days of a Consular contest.,[The Appointment Nears]
situation.consular-vacancy.stage.final-days.summary,Stage summary during the final thirty days of a Consular contest.,[Only days remain before the strongest candidate is appointed.]
situation.consular-vacancy.stage.final-days.warning,Warning during the final thirty days of a Consular contest.,[The Consular appointment will be decided within thirty days.]
situation.consular-vacancy.stage.appointed.title,Stage title used while freezing the final Consular resolution.,[A Consul Is Appointed]
situation.consular-vacancy.stage.appointed.summary,Stage summary used while freezing the final Consular resolution.,[The Sanctora has filled the vacant seat.]
situation.consular-vacancy.action.seek-favour.label,Button label for improving standing during a Consular contest.,[Seek Imperial Favour]
situation.consular-vacancy.action.discredit-candidate.label,Button label for discrediting a Consular candidate.,[Discredit a Candidate]
situation.consular-vacancy.resolution.consul-appointed.text,Resolution after the Consulship is filled.,[{holder} has been appointed Consul of the sector.]
situation.consular-vacancy.resolution.closed.text,Fallback resolution when a Consular vacancy closes another way.,[The contest for the Consular seat has ended.]
situation.favour-debt.title,Title of the private Situation about Harrow's debt to Veyrin.,[The Veyrin Favour]
situation.favour-debt.summary,Summary of the private Situation about Harrow's debt to Veyrin.,[Veyrin gold carried the Harrow levies through the last dearth. The favour remains a live political fact until honoured or repudiated.]
situation.favour-debt.stage.owed.title,Stage title while the favour remains owed.,[A Debt Still Owed]
situation.favour-debt.stage.owed.summary,Stage summary while the favour remains owed.,[The creditor may call upon the debtor while this favour stands open.]
situation.favour-debt.stage.honoured.title,Stage title used while freezing an honoured favour resolution.,[The Debt Is Honoured]
situation.favour-debt.stage.honoured.summary,Stage summary used while freezing an honoured favour resolution.,[The debtor answered when the favour was called.]
situation.favour-debt.stage.repudiated.title,Stage title used while freezing a repudiated favour resolution.,[The Debt Is Repudiated]
situation.favour-debt.stage.repudiated.summary,Stage summary used while freezing a repudiated favour resolution.,[The debtor refused the obligation and left grievance in its place.]
situation.favour-debt.stage.closed.title,Stage title used while freezing another favour resolution.,[The Debt Is Closed]
situation.favour-debt.stage.closed.summary,Stage summary used while freezing another favour resolution.,[The old favour no longer binds the two houses.]
situation.favour-debt.action.call-favour.label,Button label for a creditor calling in the favour.,[Call In the Favour]
situation.favour-debt.resolution.honoured.text,Resolution after the favour is fulfilled.,[{debtor} honoured the favour owed to {creditor}.]
situation.favour-debt.resolution.repudiated.text,Resolution after the favour is broken.,[{debtor} repudiated the favour owed to {creditor}.]
situation.favour-debt.resolution.closed.text,Fallback resolution after the favour otherwise closes.,[The favour between {debtor} and {creditor} is no longer open.]
situation.formal-war.title,Title of the reusable Situation shown for each formal war.,[Formal War]
situation.formal-war.summary,Summary of the reusable Situation shown for each formal war.,[Two frozen political branches are formally at war. Military operations must name this exact conflict; a side leader may negotiate peace for all.]
situation.formal-war.stage.open.title,Stage title for an active formal war.,[War Declared]
situation.formal-war.stage.open.summary,Stage summary for an active formal war.,[The declared sides remain hostile until a leader concludes the whole conflict.]
situation.formal-war.stage.under-pressure.title,Stage title when the player's side is under direct military pressure.,[The War Reaches Your Ground]
situation.formal-war.stage.under-pressure.summary,Stage summary when the player's side is under direct military pressure.,[Enemy forces threaten land held by your organisation.]
situation.formal-war.stage.under-pressure.warning,Warning when the player's side is under direct military pressure.,[Enemy forces are standing in one of your held provinces.]
situation.formal-war.stage.ended.title,Stage title used while freezing a formal war resolution.,[Hostilities End]
situation.formal-war.stage.ended.summary,Stage summary used while freezing a formal war resolution.,[This occurrence of the war no longer authorises hostility.]
situation.formal-war.side.attackers,Heading above the frozen attacking organisations in a Formal War Situation.,[Attackers]
situation.formal-war.side.defenders,Heading above the frozen defending organisations in a Formal War Situation.,[Defenders]
situation.formal-war.action.adopt-attacker.label,Button label for a liege adopting the attacking side of a vassal's war.,[Adopt the Attacking Side]
situation.formal-war.action.adopt-defender.label,Button label for a liege adopting the defending side of a vassal's war.,[Adopt the Defending Side]
situation.formal-war.action.negotiate.label,Button label for negotiating whole-war peace.,[Negotiate Peace]
situation.formal-war.action.besiege.label,Button label for beginning a war-bound siege.,[Besiege Enemy Ground]
situation.formal-war.action.blockade.label,Button label for beginning a war-bound blockade.,[Blockade Enemy Ground]
situation.formal-war.resolution.peace.text,Resolution after a formal war ends by negotiation.,[Peace has ended the war between {attacker} and {defender}.]
situation.formal-war.resolution.ended.text,Fallback resolution after a formal war otherwise ends.,[The war between {attacker} and {defender} has ended.]
situation.metric.claimants,Metric label for the number of personal Paramount claimants.,[Claimants]
situation.metric.realms,Metric label for the number of independent realm totals compared.,[Realms Compared]
situation.metric.claimant-realm,Metric label for one claimant's realm row; the value is house name then provinces / raised army manpower / effective legitimacy.,[Claimant Realm (land / raised / legitimacy)]
situation.metric.claimant-wars,Metric label for active formal wars that place current personal Paramount claimants on opposite sides.,[Claimant Wars]
situation.metric.press-attempts,Metric label for active assignments attempting to press a personal Paramount claim.,[Press Attempts]
situation.metric.candidates,Metric label for the number of candidates in a Consular contest.,[Candidates]
situation.metric.consul-score,Metric label for one candidate's current authoritative Consular score; the value is character name then score.,[Candidate Score]
situation.metric.weight,Metric label for the weight of a political obligation.,[Weight]
situation.metric.attacker-members,Metric label for the number of organisations on a formal war's attacking side.,[Attacking Houses]
situation.metric.defender-members,Metric label for the number of organisations on a formal war's defending side.,[Defending Houses]
situation.metric.operations,Metric label for the number of active assignments bound to one formal war occurrence.,[Active Operations]
situation.metric.blockades,Metric label for the number of active ship blockades bound to one formal war occurrence.,[Active Blockades]
ui.panel.situations.title,Title of the default right-dock Situations panel.,[Situations]
ui.panel.situations.description,Description of the Situations panel shown in navigation.,[Continuing political and strategic problems.]
ui.situations.empty,Shown when there are no active Situations or undismissed resolutions.,[Nothing presently demands an answer.]
ui.situations.resolved,Heading on a completed Situation resolution card. {date} is the campaign date on which it ended.,[Resolved {date}]
ui.situations.dismiss,Button that dismisses a completed Situation resolution card.,[Dismiss]
ui.situations.deadline,Line showing a Situation's authoritative deadline. {date} is a campaign date.,[Deadline: {date}]
ui.situations.participants,Heading above the people and organisations involved in a Situation.,[Involved]
ui.situations.links,Heading above related subjects linked from a Situation.,[Related]
ui.situations.history,Heading above permanent log entries explicitly tagged to a Situation.,[History]
ui.situations.actions,Heading above assignments available from a Situation.,[What you can do]
ui.situations.action-context,Button label that distinguishes repeated Situation actions. {action} is the authored action and {context} names its semantic subjects.,[{action}: {context}]
ui.situations.unavailable,Explanation beside a Situation action the authoritative forecast refuses. {reason} is the simulation rejection.,[Unavailable: {reason}]
ui.situations.no-leader,Shown when an authored Situation action has no character able to lead it.,[No eligible leader]
ui.explanation.title,Title of the persistent explanation window.,[Pinned explanation]
ui.explanation.pin,Visible focusable control that previews an explanation and pins it when activated.,[Pin details]
ui.explanation.dismiss,Visible control that closes the persistent explanation window.,[Dismiss explanation]
ui.forecast.compact,Always-visible compact forecast summary. {days} is duration and {success} the combined favourable chance.,[Takes {days} days · favourable outcome {success}]
sim.refusal.paramount-claim-unavailable,Authoritative refusal when a personal Paramount claim action does not meet the live claim rules.,[This character cannot take that step in the Paramount succession now.]
sim.refusal.formal-war-unavailable,Authoritative refusal when a formal-war action does not meet the live war rules.,[This formal-war action is not available under the present sides and hierarchy.]
sim.refusal.not-war-leader,Authoritative refusal when someone without whole-side peace authority tries to negotiate.,[Only the current leader of a war side may settle the whole conflict.]
situation.court-awaits.title,Title of the day-one authority Situation demanding a first order.,[The Court Awaits]
situation.court-awaits.summary,Summary of the day-one authority Situation.,"[The assembled court of House Harrow waits on its new head. It expects a substantive order — any ordinary assignment, accepted within seven days.]"
situation.court-awaits.announcement,"Pausing announcement shown once when the court gathers on day one. States the demand, the deadline, and the exact consequence in advance.","[The court has gathered and waits on your word. Give the household a substantive order — any ordinary assignment — within seven days, or House Harrow forfeits 10 Influence.]"
situation.court-awaits.stage.waiting.title,Stage title while the court's demand stands unanswered.,[The court waits]
situation.court-awaits.stage.waiting.summary,Stage summary while the court's demand stands unanswered.,[No order has yet been accepted. The court's patience ends on the stated day.]
situation.court-awaits.stage.waiting.warning,Warning while the court's demand stands unanswered.,[Give an order before the deadline or forfeit Influence.]
situation.court-awaits.action.hold-court.label,Button label for answering the court by holding court.,[Hold court]
situation.court-awaits.resolution.answered.text,Resolution text when an accepted assignment answered the court in time. {house} is the house's name.,[{house} gave its court a substantive order within the week. The reign begins with its authority affirmed.]
situation.court-awaits.resolution.lapsed.text,Resolution text when the deadline passed with no accepted assignment. {house} is the house's name and {penalty} the exact Influence forfeited.,[The court dispersed unanswered. {house} forfeited {penalty} Influence before the reign had fairly begun.]
situation.court-awaits.resolution.closed.text,Fallback resolution text if the demand ends any other way.,[The court dispersed.]
situation.court-awaits.guidance.objective,First Reign guidance objective for the day-one authority test. Shown only when guidance is enabled; never read by the simulation.,"[Objective: have any ordinary House Harrow assignment accepted within seven days. Invalid or unaffordable attempts are refused as normal, and do not count.]"
situation.court-awaits.guidance.how,"First Reign ""Show me how"" help for the day-one authority test. Presentation only.","[Open an action from this card or from a character's inspector, choose an eligible leader, read the forecast, and confirm. Orders take a day or more to arrive, so leave time before the deadline. Any accepted assignment answers the court — there is no single correct opening.]"
situation.court-awaits.guidance.why,"First Reign ""Why this matters"" help for the day-one authority test. Presentation only.","[A new head who cannot move the household loses standing. Influence is the spendable political capital behind petitions, musters, and claims; the stated forfeit is real, but the campaign continues either way and Influence slowly recovers with legitimacy.]"
sim.situation.acknowledge,Single acknowledgement choice on a Situation activation announcement popup.,[Understood]
ui.preferences.guidance,Tickbox label for the default-on First Reign scenario guidance preference.,[First Reign guidance]
ui.preferences.guidance-note,Small print under the guidance tickbox.,"[Adds objectives and optional help to scenario Situations. The campaign's rules, deadlines, and consequences are identical with it off.]"
ui.situations.guidance-heading,Heading above optional First Reign guidance on a Situation card.,[Guidance]
ui.situations.show-how,"Focusable trigger for the optional ""Show me how"" guidance help.",[Show me how]
ui.situations.why-matters,"Focusable trigger for the optional ""Why this matters"" guidance help.",[Why this matters]
situation.metric.days-left,Situation metric label: whole days remaining before an authoritative deadline.,[Days remaining]
situation.metric.influence-at-stake,Situation metric label: the exact Influence forfeited if the deadline lapses.,[Influence at stake]
situation.metric.house-influence,Situation metric label: the house's current spendable Influence.,[Current Influence]
situation.kessarin-order.title,Title of Kessarin's household demand for provincial Order.,[Kessarin's Order]
situation.kessarin-order.summary,Summary of Kessarin's household demand.,"[Kessarin asks that every province the house holds be brought to good order — at least the stated Order in each — before the household's patience runs out.]"
situation.kessarin-order.announcement,"Pausing announcement shown when Kessarin presents her demand. States the goal, the shared deadline, and the relationship stakes in advance.","[Kessarin puts her expectation plainly: every province House Harrow holds at 850 Order or better, within the household's 120-day window. Promise it, refuse it, or say nothing — she will remember which, and she will watch the provinces rather than your words.]"
situation.kessarin-order.stage.open.title,Stage title while the demand stands unanswered.,[An expectation unanswered]
situation.kessarin-order.stage.open.summary,Stage summary while the demand stands unanswered.,[Kessarin awaits an answer — or simply the result. Any route to well-ordered provinces satisfies her.]
situation.kessarin-order.stage.open.warning,Warning as the shared household deadline nears with the goal unmet.,[The household's window is closing with holdings still below target.]
situation.kessarin-order.stage.promised.title,Stage title after the player promises the goal.,[A promise given]
situation.kessarin-order.stage.promised.summary,Stage summary after the player promises the goal.,[You have given Kessarin your word. Only the provinces themselves can keep it.]
situation.kessarin-order.stage.promised.warning,Warning as the deadline nears on a promised but unmet goal.,[Your promise to Kessarin comes due soon and holdings remain below target.]
situation.kessarin-order.stage.refused.title,Stage title after the player refuses the demand.,[A request refused]
situation.kessarin-order.stage.refused.summary,Stage summary after the player refuses the demand.,[You told Kessarin no. Meeting the goal anyway would still be remembered kindly.]
situation.kessarin-order.action.manage-estates.label,Button label for the estate-management route to the Order goal.,[Manage the estates]
situation.kessarin-order.action.hold-court.label,Button label for the hold-court route to the Order goal.,[Hold court]
situation.kessarin-order.action.tour-holdings.label,Button label for the risky touring route to the Order goal.,[Tour the holdings]
situation.kessarin-order.response.promise.label,Response button recording a promise to meet the demand.,[Promise it will be done]
situation.kessarin-order.response.refuse.label,Response button recording an explicit refusal.,[Refuse the request]
situation.kessarin-order.resolution.achieved.text,Resolution when every held province reached the target. {requester} asked; {house} is the house; {target} the Order target.,"[{requester} asked for order, and {house} delivered it: every holding stands at {target} or better. Being heard will not be forgotten.]"
situation.kessarin-order.resolution.passed-on.text,Resolution when the requester died or was replaced before the deadline. {requester} is the original requester.,[The demand no longer rests with {requester}. The household's expectation passes to other hands.]
situation.kessarin-order.resolution.refused.text,Resolution when an explicit refusal stood at the deadline. {requester} asked.,"[{requester} was refused to her face. Honesty stings less than silence, but it stings.]"
situation.kessarin-order.resolution.broken.text,Resolution when a promise stood unmet at the deadline. {requester} asked; {target} is the Order target.,"[A promise was given to {requester}, and the provinces never reached {target}. A broken word weighs heaviest of all.]"
situation.kessarin-order.resolution.ignored.text,Fallback resolution when the deadline passed with no answer and no achievement. {requester} asked.,[{requester} received no answer and no result. Silence carries its own political cost.]
situation.kessarin-order.guidance.objective,First Reign guidance objective for Kessarin's demand. Shown only when guidance is enabled; never read by the simulation.,"[Objective: bring every Harrow-held province to at least 850 Order before the shared 120-day household deadline. The goal is judged from the provinces themselves — promising, refusing, or staying silent changes only the relationship consequence.]"
situation.kessarin-order.guidance.how,"First Reign ""Show me how"" help for Kessarin's demand. Presentation only.","[Daily attention restores Order only to 800, so reaching 850 takes deliberate work: Manage the estates lifts every holding a little, Hold court lifts the province where it is held, and a Tour of the holdings can lift them all substantially at personal risk. Watch each province's row on this card, and leave time — assignments take tens of days to complete.]"
situation.kessarin-order.guidance.why,"First Reign ""Why this matters"" help for Kessarin's demand. Presentation only.","[Well-ordered provinces pay more, defend better, and resist hostile interference later in the reign. Kessarin's opinion of Edrun shifts with how the demand ends — achievement, refusal, silence, and a broken promise each carry a stated, lasting effect — and her goodwill is a political asset in its own right.]"
situation.aleyn-levies.title,Title of Aleyn's household demand for fielded army strength.,[Aleyn's Levies]
situation.aleyn-levies.summary,Summary of Aleyn's household demand.,"[Aleyn asks that the house stand ready for war — at least the stated total manpower under arms — before the household's patience runs out.]"
situation.aleyn-levies.announcement,"Pausing announcement shown when Aleyn presents her demand. States the goal, the shared deadline, and the relationship stakes in advance.","[Aleyn puts her expectation plainly: House Harrow fielding at least 1,000 soldiers under arms, within the household's 120-day window. Promise it, refuse it, or say nothing — she will remember which, and she will count the armies rather than your words.]"
situation.aleyn-levies.stage.open.title,Stage title while the demand stands unanswered.,[An expectation unanswered]
situation.aleyn-levies.stage.open.summary,Stage summary while the demand stands unanswered.,[Aleyn awaits an answer — or simply the result. Any route to the fielded strength satisfies her.]
situation.aleyn-levies.stage.open.warning,Warning as the shared household deadline nears with the goal unmet.,[The household's window is closing with the armies still under strength.]
situation.aleyn-levies.stage.promised.title,Stage title after the player promises the goal.,[A promise given]
situation.aleyn-levies.stage.promised.summary,Stage summary after the player promises the goal.,[You have given Aleyn your word. Only the armies themselves can keep it.]
situation.aleyn-levies.stage.promised.warning,Warning as the deadline nears on a promised but unmet goal.,[Your promise to Aleyn comes due soon and the armies remain under strength.]
situation.aleyn-levies.stage.refused.title,Stage title after the player refuses the demand.,[A request refused]
situation.aleyn-levies.stage.refused.summary,Stage summary after the player refuses the demand.,[You told Aleyn no. Fielding the strength anyway would still be remembered kindly.]
situation.aleyn-levies.action.muster.label,Button label for the muster route to the manpower goal.,[Muster the levies]
situation.aleyn-levies.response.promise.label,Response button recording a promise to meet the demand.,[Promise it will be done]
situation.aleyn-levies.response.refuse.label,Response button recording an explicit refusal.,[Refuse the request]
situation.aleyn-levies.resolution.achieved.text,Resolution when the fielded strength reached the target. {requester} asked; {house} is the house; {target} the manpower target.,"[{requester} asked for soldiers, and {house} fielded them: {target} or more stand under arms. Being heard will not be forgotten.]"
situation.aleyn-levies.resolution.passed-on.text,Resolution when the requester died or was replaced before the deadline. {requester} is the original requester.,[The demand no longer rests with {requester}. The household's expectation passes to other hands.]
situation.aleyn-levies.resolution.refused.text,Resolution when an explicit refusal stood at the deadline. {requester} asked.,"[{requester} was refused to her face. Honesty stings less than silence, but it stings.]"
situation.aleyn-levies.resolution.broken.text,Resolution when a promise stood unmet at the deadline. {requester} asked; {target} is the manpower target.,"[A promise was given to {requester}, and the armies never reached {target}. A broken word weighs heaviest of all.]"
situation.aleyn-levies.resolution.ignored.text,Fallback resolution when the deadline passed with no answer and no achievement. {requester} asked.,[{requester} received no answer and no result. Silence carries its own political cost.]
situation.aleyn-levies.guidance.objective,First Reign guidance objective for Aleyn's demand. Shown only when guidance is enabled; never read by the simulation.,"[Objective: field at least 1,000 total army manpower for House Harrow before the shared 120-day household deadline. The goal is judged from the armies themselves — promising, refusing, or staying silent changes only the relationship consequence.]"
situation.aleyn-levies.guidance.how,"First Reign ""Show me how"" help for Aleyn's demand. Presentation only.","[Muster the levies raises a new army under its leader — the wealth and Influence are spent when the order is accepted, the muster takes tens of days, and it can genuinely fail, so leave time to try again. The soldiers come from the house's manpower pool, and any other route to fielded strength counts just the same. Watch each army's row on this card; disbanding or losing soldiers counts against the goal while the demand stands.]"
situation.aleyn-levies.guidance.why,"First Reign ""Why this matters"" help for Aleyn's demand. Presentation only.","[A house that cannot field soldiers cannot hold what it has, and the succession will not stay polite forever. Aleyn's opinion of Edrun shifts with how the demand ends — achievement, refusal, silence, and a broken promise each carry a stated, lasting effect — and she is the house's finest commander.]"
situation.metric.order-target,Situation metric label: the provincial Order every held province must reach.,[Order target]
situation.metric.province-order,Situation metric label for one held province's live Order; the value is the province name then its current Order.,[Holding (current Order)]
situation.metric.provinces-below-target,Situation metric label: how many held provinces still sit below the Order target.,[Holdings below target]
situation.metric.on-achieved,"Situation metric label for the achievement consequence; the value is the requester's opinion change of the head, then its duration in days.",[If achieved: requester's opinion of the head (change / days)]
situation.metric.on-refused,Situation metric label for the refusal consequence; the value is the opinion change then its duration in days.,[If refused and unmet: (change / days)]
situation.metric.on-ignored,Situation metric label for the silence consequence; the value is the opinion change then its duration in days.,[If ignored and unmet: (change / days)]
situation.metric.on-broken,Situation metric label for the broken-promise consequence; the value is the opinion change then its duration in days.,[If promised and unmet: (change / days)]
situation.metric.manpower-target,Situation metric label: the total army manpower the house must field.,[Manpower target]
situation.metric.army-strength,Situation metric label for one owned army's live strength; the value is the army name then its current manpower.,[Army (current manpower)]
situation.metric.army-manpower,Situation metric label: the house's current total fielded army manpower.,[Manpower under arms]
situation.metric.manpower-shortfall,Situation metric label: how much fielded manpower the house still lacks against the target.,[Manpower still to field]
situation.torvald-standing.title,Title of Torvald's household demand for the liege's regard.,[Torvald's Standing]
situation.torvald-standing.summary,Summary of Torvald's household demand.,"[Torvald asks that the house stand well with its liege — the liege's head thinking no ill of the head of the house — before the household's patience runs out.]"
situation.torvald-standing.announcement,"Pausing announcement shown when Torvald presents his demand. States the goal, the shared deadline, and the relationship stakes in advance.","[Torvald puts his expectation plainly: Casimir Veyrin's opinion of the head of House Harrow at zero or better, within the household's 120-day window. Promise it, refuse it, or say nothing — he will remember which, and he will watch the liege's regard rather than your words.]"
situation.torvald-standing.stage.open.title,Stage title while the demand stands unanswered.,[An expectation unanswered]
situation.torvald-standing.stage.open.summary,Stage summary while the demand stands unanswered.,[Torvald awaits an answer — or simply the result. Any legitimate route to the liege's regard satisfies him.]
situation.torvald-standing.stage.open.warning,Warning as the shared household deadline nears with the goal unmet.,[The household's window is closing with the liege's regard still short.]
situation.torvald-standing.stage.promised.title,Stage title after the player promises the goal.,[A promise given]
situation.torvald-standing.stage.promised.summary,Stage summary after the player promises the goal.,[You have given Torvald your word. Only the liege's own regard can keep it.]
situation.torvald-standing.stage.promised.warning,Warning as the deadline nears on a promised but unmet goal.,[Your promise to Torvald comes due soon and the liege's regard remains short.]
situation.torvald-standing.stage.refused.title,Stage title after the player refuses the demand.,[A request refused]
situation.torvald-standing.stage.refused.summary,Stage summary after the player refuses the demand.,[You told Torvald no. Winning the liege's regard anyway would still be remembered kindly.]
situation.torvald-standing.action.court.label,Button label for the courting route to the liege's regard.,[Court the liege's house]
situation.torvald-standing.response.promise.label,Response button recording a promise to meet the demand.,[Promise it will be done]
situation.torvald-standing.response.refuse.label,Response button recording an explicit refusal.,[Refuse the request]
situation.torvald-standing.resolution.achieved.text,Resolution when the liege head's opinion reached the target. {requester} asked; {house} is the house; {liege} the bound liege head.,"[{requester} asked for the liege's goodwill, and {house} earned it: {liege} thinks no ill of the house's head. Being heard will not be forgotten.]"
situation.torvald-standing.resolution.passed-on.text,"Resolution when the requester, the liege, or the bound liege head changed before the deadline. {requester} is the original requester.",[The concern no longer stands as {requester} pressed it — the household or the liege's court has changed. What expectation remains passes to other hands.]
situation.torvald-standing.resolution.refused.text,Resolution when an explicit refusal stood at the deadline. {requester} asked.,"[{requester} was refused to his face. Honesty stings less than silence, but it stings.]"
situation.torvald-standing.resolution.broken.text,Resolution when a promise stood unmet at the deadline. {requester} asked; {liege} is the bound liege head; {target} the opinion target.,"[A promise was given to {requester}, and {liege}'s regard never reached {target}. A broken word weighs heaviest of all.]"
situation.torvald-standing.resolution.ignored.text,Fallback resolution when the deadline passed with no answer and no achievement. {requester} asked.,[{requester} received no answer and no result. Silence carries its own political cost.]
situation.torvald-standing.guidance.objective,First Reign guidance objective for Torvald's demand. Shown only when guidance is enabled; never read by the simulation.,"[Objective: bring Casimir Veyrin's opinion of the head of House Harrow to at least zero before the shared 120-day household deadline. The goal is judged from the liege's live regard — promising, refusing, or staying silent changes only the relationship consequence.]"
situation.torvald-standing.guidance.how,"First Reign ""Show me how"" help for Torvald's demand. Presentation only.","[Court House Veyrin is the one authored route: forty-five days and 15 wealth, rolled against the leader's diplomacy. Led by the head himself, success improves both the liege's personal regard for him and his regard for the house — enough together to reach the target from the reign's opening standing; led by anyone else only the house's standing improves, which falls short alone. The attempt can fail outright or end in insult, and third parties move the same opinion in both directions, so watch the live number rather than your own efforts.]"
situation.torvald-standing.guidance.why,"First Reign ""Why this matters"" help for Torvald's demand. Presentation only.","[Harrow holds its provinces as Veyrin's vassal, and the liege's regard weighs on every petition, dispute, and succession claim to come. Torvald's opinion of the head shifts with how the demand ends — achievement, refusal, silence, and a broken promise each carry a stated, lasting effect — and the liege's goodwill will be tested in person before the year is out.]"
situation.metric.opinion-target,Situation metric label: the derived opinion the liege's head must reach toward the house head.,[Opinion target]
situation.metric.liege-opinion,Situation metric label for the bound liege head's live opinion of the house head; the value is the liege head's name then the current opinion.,[Liege's regard (current opinion)]
situation.metric.opinion-shortfall,Situation metric label: how far the liege head's opinion still sits below the target.,[Opinion still to gain]
ui.situations.responses,Heading above a Situation's pure recorded answers.,[How will you answer?]
ui.situations.answered,Line showing the durable answer already recorded on a Situation. {answer} is the chosen response's label.,[Answer given: {answer}]
sim.situation.answered,Log line written when a Situation answer is recorded. {situation} is the Situation title and {answer} the chosen response's label.,[{situation}: the answer was given — {answer}.]
ui.forecast.contest.opinion,"Line under the skill contest when the assignment authors a live-opinion modifier. {opinion} is the signed opinion read and {shift} the signed effectiveness change it produced.",[Standing regard {opinion} shifts the contest by {shift}]
ui.forecast.contest.opinion.hover,"Tooltip on the live-opinion contest line, explaining that a relationship moves these odds.","[This work also rides on a live relationship. The current opinion is read into the contest — warmer regard improves the odds, ill will worsens them — within authored limits, so it never replaces skill entirely.]"
situation.casimir-visit.title,Title of the first-year liege visit Situation.,[The Liege's Visit]
situation.casimir-visit.summary,Summary of the liege visit Situation.,"[The liege's head is coming to see the house he granted its ground. Hospitality must be offered while he can still come — and how he is received will be measured against how he already regards the house.]"
situation.casimir-visit.announcement,"Pausing announcement shown when the visit window opens. States the demand, the window, and that the liege's current regard will weigh on the reception.","[Word arrives ahead of a liveried column: your liege's head will visit House Harrow while the season allows. Choose how he is to be received and who will host him — his present regard for the head of the house will colour everything — or let the window close and be remembered as the house that offered nothing.]"
situation.casimir-visit.stage.awaiting.title,Stage title while the visit window is open and no hospitality has been accepted.,[A visit awaits its host]
situation.casimir-visit.stage.awaiting.summary,Stage summary while the visit window is open and no hospitality has been accepted.,"[No reception stands prepared. Any hospitality accepted while the window is open answers the visit; the liege's live regard weighs on every tier's odds.]"
situation.casimir-visit.stage.awaiting.warning,Warning as the visit window nears its close with no hospitality accepted.,[The visit window is closing with no reception prepared.]
situation.casimir-visit.action.host-restrained.label,Button label for the restrained hospitality tier.,[Host with restraint]
situation.casimir-visit.action.host-proper.label,Button label for the proper hospitality tier.,[Host with propriety]
situation.casimir-visit.action.host-lavish.label,Button label for the lavish hospitality tier.,[Host lavishly]
situation.casimir-visit.resolution.hosted.text,Resolution text when a hospitality assignment was accepted inside the window. {house} is the house and {liege} the visiting liege head.,"[{house} opened its halls: {liege} will be received, and the reception itself will decide what he carries home.]"
situation.casimir-visit.resolution.slighted.text,Resolution text when the window closed with no hospitality accepted. {house} is the house and {liege} the slighted liege head.,"[The season turned and no table was laid. {liege} will not forget that {house} let his visit pass unanswered.]"
situation.casimir-visit.resolution.passed-on.text,"Resolution text when death, deposition, a changed liege, or impossible travel ended the visit as bound. {liege} is the originally bound liege head.",[The visit {liege} announced will never happen as announced — the household or the roads have changed. Whatever comes next is judged from the world as it now stands.]
situation.casimir-visit.resolution.closed.text,Fallback resolution text if the visit ends any other way.,[The visit came to nothing.]
situation.casimir-visit.guidance.objective,First Reign guidance objective for the liege's visit. Shown only when guidance is enabled; never read by the simulation.,"[Objective: have one hospitality tier accepted while the visit window is open — roughly days 140 to 180 of the reign. The forecast on each tier reads the liege head's current opinion of your head, so earlier diplomacy is already priced in.]"
situation.casimir-visit.guidance.how,"First Reign ""Show me how"" help for the liege's visit. Presentation only.","[Open a tier from this card and the composition window opens with your head as the default host; Choose leader compares every eligible member of the house with a full forecast apiece — a better diplomat mitigates a poor relationship. Restrained hospitality is cheap but hard; proper sits between; lavish costs the most and is the easiest, because spending also mitigates. Costs are paid when the order is accepted and are not refunded, and the reception itself then runs for weeks and can genuinely fail.]"
situation.casimir-visit.guidance.why,"First Reign ""Why this matters"" help for the liege's visit. Presentation only.","[This is the visit Torvald warned about: the liege's regard, tested in person. A well-received visit lifts his opinion of your head for years; a botched or unanswered one lowers it — and that opinion feeds every later petition, dispute, and crisis that reads the relationship live. If the liege dies, is deposed, or cannot travel, the visit adapts or passes without penalty; the simulation, not the script, decides.]"
assignment.host-visit-restrained.title,Authored assignment 'host-visit-restrained': title.,[Host with Restraint]
assignment.host-visit-restrained.summary,Authored assignment 'host-visit-restrained': one-line summary.,"[Receive the liege's household plainly: little spent, little staked, and a reception that must succeed on conduct alone.]"
assignment.host-visit-restrained.critical-success.log-text,Authored assignment 'host-visit-restrained': critical-success log line.,[{leader} made plain fare feel like honest respect; the liege left warmer than he came.]
assignment.host-visit-restrained.critical-success.popup-text,Authored assignment 'host-visit-restrained': critical-success popup body.,"[{leader} received the liege's household without ornament, and it read as candour. The visit ends in unexpected warmth.]"
assignment.host-visit-restrained.success.log-text,Authored assignment 'host-visit-restrained': success log line.,[{leader} hosted the liege's visit modestly and correctly.]
assignment.host-visit-restrained.failure.log-text,Authored assignment 'host-visit-restrained': failure log line.,[The restrained reception read as indifference; the liege left unimpressed.]
assignment.host-visit-restrained.disaster.log-text,Authored assignment 'host-visit-restrained': disaster log line.,[The liege took the bare table as an insult.]
assignment.host-visit-restrained.disaster.popup-text,Authored assignment 'host-visit-restrained': disaster popup body.,"[What was meant as modesty landed as contempt: thin fare, cold rooms, and a liege who counted every economy. He departs early, and coldly.]"
assignment.host-visit-proper.title,Authored assignment 'host-visit-proper': title.,[Host with Propriety]
assignment.host-visit-proper.summary,Authored assignment 'host-visit-proper': one-line summary.,"[Receive the liege's household as custom expects: a full table, a full purse, and no excuses.]"
assignment.host-visit-proper.critical-success.log-text,Authored assignment 'host-visit-proper': critical-success log line.,"[{leader} gave the liege exactly the visit custom promises, and better.]"
assignment.host-visit-proper.critical-success.popup-text,Authored assignment 'host-visit-proper': critical-success popup body.,"[Every custom was honoured and a few were exceeded. The liege departs speaking well of the house, and means it.]"
assignment.host-visit-proper.success.log-text,Authored assignment 'host-visit-proper': success log line.,[{leader} hosted the liege's visit as custom expects.]
assignment.host-visit-proper.failure.log-text,Authored assignment 'host-visit-proper': failure log line.,[The proper reception stumbled; the liege noticed.]
assignment.host-visit-proper.disaster.log-text,Authored assignment 'host-visit-proper': disaster log line.,[The reception collapsed into embarrassment before the liege's household.]
assignment.host-visit-proper.disaster.popup-text,Authored assignment 'host-visit-proper': disaster popup body.,"[A seating slight, a spoiled course, a toast that landed wrong — small failures that together read as disrespect. The liege departs offended.]"
assignment.host-visit-lavish.title,Authored assignment 'host-visit-lavish': title.,[Host Lavishly]
assignment.host-visit-lavish.summary,Authored assignment 'host-visit-lavish': one-line summary.,"[Spare nothing for the liege's visit: expense smooths a cold relationship, and triumph or ruin both run deeper.]"
assignment.host-visit-lavish.critical-success.log-text,Authored assignment 'host-visit-lavish': critical-success log line.,[{leader} staged a visit the liege's court will talk about for years.]
assignment.host-visit-lavish.critical-success.popup-text,Authored assignment 'host-visit-lavish': critical-success popup body.,"[Feasts, gifts, and honours beyond the liege's own hall. He departs bound to the house by pride as much as pleasure.]"
assignment.host-visit-lavish.success.log-text,Authored assignment 'host-visit-lavish': success log line.,[{leader} hosted the liege in open splendour.]
assignment.host-visit-lavish.failure.log-text,Authored assignment 'host-visit-lavish': failure log line.,[The splendour never quite came together; the liege saw the seams and the spend.]
assignment.host-visit-lavish.disaster.log-text,Authored assignment 'host-visit-lavish': disaster log line.,[The lavish reception curdled into spectacle; the liege left affronted.]
assignment.host-visit-lavish.disaster.popup-text,Authored assignment 'host-visit-lavish': disaster popup body.,"[Gold everywhere and judgement nowhere: excess that read as mockery of the liege's own court. The expense is spent, and so is his patience.]"
goal.undermine-a-neighbour.title,Goal title: the covert ambition to weaken a hostile bordering house by deniable means.,[Undermine a Neighbour]
goal.undermine-a-neighbour.summary,One-line summary of the covert subversion ambition.,"[Set informants and quiet coin against a hostile neighbour's ground, and deny every word of it.]"
plan.deniable-pressure.title,Plan title: the covert campaign that carries the subversion ambition out.,[Deniable Pressure]
plan.deniable-pressure.summary,One-line summary of the covert subversion campaign.,[Loosen the weakest province across the border — nothing signed and nothing owned.]
sim.intent.subvert,A house's stated reason for moving against a rival by deniable means. Written only to owner-confided covert history before exposure.,[a rival is best weakened where no seal is set]
ui.directive.subvert,A directive naming the subvert pressure.,[Undermine a rival]
ui.forecast.contest.order,"Line under the skill contest when the assignment authors a live-Order modifier. {order} is the target province's live Order and {shift} the signed effectiveness change it produced.",[Provincial Order {order} shifts the contest by {shift}]
ui.forecast.contest.order.hover,"Tooltip on the live-Order contest line, explaining that the province itself resists or admits the work.","[This work is also contested by the ground it happens on. The province's live Order is read into the contest — a well-ordered province resists it — within authored limits, so it never replaces skill entirely.]"
situation.metric.order-resistance,Situation metric label: the effectiveness shift the province's live Order is applying against the hostile work.,[Order's resistance]
situation.unquiet-holdings.title,Title of the covert-interference Situation shown to the targeted province's holder.,[Unquiet Holdings]
situation.unquiet-holdings.summary,Summary of the covert-interference Situation. States what is known and pointedly not who.,"[Something is working against one of your holdings: strangers with ready coin, tempers primed, grievances rehearsed. Whose hand moves it, no one can yet say — but the province's own Order is the bulwark against it.]"
situation.unquiet-holdings.announcement,Pausing announcement when signs of covert interference first appear. Names no culprit.,"[Reports arrive of unquiet in one of your holdings: hired tongues in the markets, old grudges suddenly fed. No hand shows itself. The province's Order will resist what its holder cannot yet name — look to it, or find out what a loosened province costs.]"
situation.unquiet-holdings.stage.unrest.title,Stage title while a covert operation runs against the bound province.,[An unseen hand at work]
situation.unquiet-holdings.stage.unrest.summary,Stage summary while the covert operation runs. Live Order is the stated resistance.,"[The agitation is deliberate and it is being paid for. The province's live Order is resisting it now; steadying the ground blunts whatever lands when the work runs its course.]"
situation.unquiet-holdings.stage.unrest.warning,Warning while the covert operation runs against the province.,[A holding is being worked against by an unknown hand.]
situation.unquiet-holdings.action.hold-court.label,Button label for answering the unrest by holding court. Court steadies the province the leader stands in.,[Hold court to steady the ground]
situation.unquiet-holdings.action.tour-holdings.label,Button label for answering the unrest by touring the holdings.,[Tour the holdings]
situation.unquiet-holdings.resolution.passed-on.text,Resolution text when the bound province is no longer held as bound. {province} is the province's name.,"[Whatever moved against {province} now moves against another's ground; the matter passed out of your hands with the province.]"
situation.unquiet-holdings.resolution.struck.text,Resolution text when the agitation ended with the province's Order below the authored line. {province} is the province's name.,"[The agitation in {province} ran its course and the ground gave: order there is visibly shaken. Whose coin paid for it, nothing yet says.]"
situation.unquiet-holdings.resolution.weathered.text,Resolution text when the agitation ended with the province's Order holding above the authored line. {province} is the province's name.,"[The agitation in {province} ran its course and found no purchase: the province's order held. Whoever paid for the attempt goes unnamed and unpaid.]"
situation.unquiet-holdings.guidance.objective,First Reign guidance objective for the covert-interference Situation. Shown only when guidance is enabled; never read by the simulation.,"[Objective: weather the interference, and name the hand if you can. The card gives the targeted province, its live Order, the resistance that Order is applying, and the time remaining — high Order materially worsens the hostile work's odds, so Kessarin's standard is also your shield. Investigating is a separate choice with its own cost and its own odds.]"
situation.unquiet-holdings.guidance.how,"First Reign ""Show me how"" help for the covert-interference Situation. Presentation only.","[Raise the province's Order while the clock runs: tour the holdings, manage the estates, or hold court (court steadies the ground its leader stands on, so travel weighs) — the same ordinary administration as ever. The resistance row is the exact penalty the hostile work is rolling under right now. Investigating is the other answer: it names no leader, so the picker compares every eligible investigator on the same authoritative forecast before you order it. It proves the true hand or it proves nothing — it will never offer you a suspect it is not sure of, and a failed enquiry costs you the days and the coin. You may also simply accept the risk and spend both elsewhere.]"
situation.unquiet-holdings.guidance.why,"First Reign ""Why this matters"" help for the covert-interference Situation. Presentation only.","[This is politics by other means: someone judged your house better weakened than confronted. Order is the live defence — a settled province shrugs off what a restive one cannot — and how this ends is written into the province, not into a script. What was begun unseen may one day be answered — but only once the culprit has a name, and a name has to be earned. Proof changes nothing about the ground; it changes what you are entitled to do about it afterwards.]"
assignment.trace-the-hand.title,Authored assignment 'trace-the-hand': short title.,[Trace the Hand]
assignment.trace-the-hand.summary,Authored assignment 'trace-the-hand': one-line summary.,"[Work back along the coin and the mouths in a troubled holding of your own, and find out whether the trail reaches anybody at all.]"
assignment.trace-the-hand.critical-success.log-text,Authored assignment 'trace-the-hand': critical-success log line.,[{leader} followed the money out of {target} and all the way home.]
assignment.trace-the-hand.critical-success.popup-text,Authored assignment 'trace-the-hand': critical-success popup body.,"[A lodging paid for in advance, a factor who kept his receipts, and a courier who could be bought twice. The chain holds end to end, and it ends somewhere that can be named aloud.]"
assignment.trace-the-hand.success.log-text,Authored assignment 'trace-the-hand': success log line.,[{leader} traced the agitation in {target} back to the purse behind it.]
assignment.trace-the-hand.success.popup-text,Authored assignment 'trace-the-hand': success popup body.,"[Patient work in the markets and the counting-houses: the same coin, the same intermediaries, the same instructions repeated by men who did not understand them. The hand is proved, and now has a name.]"
assignment.trace-the-hand.failure.log-text,Authored assignment 'trace-the-hand': failure log line. Names nobody: a cold trail is a cold trail.,[{leader} found only hirelings in {target}; every trail ends with men paid by someone they never met.]
assignment.trace-the-hand.disaster.log-text,Authored assignment 'trace-the-hand': disaster log line. Names nobody: a botched enquiry learns less than nothing.,"[The questioning in {target} was loud and clumsy. Ledgers went into the fire ahead of it, witnesses left the province, and nothing whatever was learned.]"
situation.unquiet-holdings.action.investigate.label,Button label for answering the unrest by investigating it. Pins no leader; the player compares investigators.,[Investigate the unrest]
situation.unquiet-holdings.stage.traced.title,Stage title once the holder has proved whose hand is behind the unrest.,[A hand with a name]
situation.unquiet-holdings.stage.traced.summary,Stage summary once the culprit is proved. The ground is unchanged; only the knowledge is new.,"[The trail held. The work against this holding is bought and paid for by a house that can now be named — which changes nothing about the ground itself, and everything about what may be answered later. The province's live Order is still the whole of its defence.]"
situation.unquiet-holdings.stage.traced.warning,Warning while a proved covert operation is still running against the province.,[A holding is being worked against by a hand you have named.]
situation.unquiet-holdings.resolution.struck-traced.text,"Resolution text when the agitation ended with the province's Order below the authored line and the culprit proved. {province} is the province's name, {house} the proved culprit.","[The agitation in {province} ran its course and the ground gave: order there is visibly shaken. Whose coin paid for it is no longer in doubt — {house} did, and the record says so.]"
situation.unquiet-holdings.resolution.weathered-traced.text,"Resolution text when the agitation ended with the province's Order holding and the culprit proved. {province} is the province's name, {house} the proved culprit.","[The agitation in {province} ran its course and found no purchase: the province's order held. {house} paid for the attempt and got nothing for it — and is now known to have paid.]"
situation.metric.proved-hand,Situation metric label: the organisation an investigation has proved behind covert work. Shown only once proved.,[Hand behind it]
sim.covert.exposed,Log line written when an investigation proves whose covert work a house has been suffering. {house} is the proved organisation.,[The trail holds: {house} is behind the work.]
sim.covert.expose-refused,"Log diagnostic confided to the acting house when an authored 'expose' effect fires where it can name nobody — outside a Situation lifecycle, for no organisation, or against a binding that is not one. {reason} is the deterministic engine reason.",[An 'expose' effect named no culprit: {reason}]
situation.cold-border.title,Title of the open cold-neighbour Situation: a bordering house whose head regards the player's head coldly or that is owed a grievance.,[A Cold Border]
situation.cold-border.summary,Summary of the cold-neighbour Situation. States the public relationship facts and pointedly not whether any design exists.,"[A neighbouring house's head regards yours coldly — coldly enough, by the reckoning every house keeps, that it may look for quiet ways to press you. The regard, the ledger, and any war between you are public facts; what they may lead to is not.]"
situation.cold-border.stage.cold.title,Stage title while the neighbour head's regard sits at or below the hostility floor and no grievance is owed.,[A neighbour's regard runs cold]
situation.cold-border.stage.cold.summary,Stage summary for the cold stage. States the authored contract: the floor for beginning hostile planning and the line for abandoning uncommitted designs.,"[The neighbour's head regards yours at or below the floor at which a house may begin hostile planning. Regard lifted above the floor gives such a house no new ground for escalation; regard at the reconciliation line, with no grievance and no war between you, lets any uncommitted design go. Whatever is already underway between your houses — an operation, a war — ends only by its ordinary course.]"
situation.cold-border.stage.aggrieved.title,Stage title while the player's house owes the neighbour an open grievance.,[A grievance stands across the border]
situation.cold-border.stage.aggrieved.summary,Stage summary for the aggrieved stage: an open grievance is grounds whatever the regard.,"[Your house owes the neighbour an open grievance, and a wronged house needs no cold regard to find grounds against you. Warmth alone will not close this while the grievance stands; only the ledger can.]"
situation.cold-border.action.court.label,Button label for courting the cold neighbour's house from the card. Pins the head as envoy.,[Court the neighbour's house]
situation.cold-border.action.send-gifts.label,Button label for sending gifts across the border. Pins no leader; the player compares envoys.,[Send gifts across the border]
situation.cold-border.resolution.passed-on.text,"Resolution text when the border is no longer the matter it was: a head gone on either side, or the houses no longer neighbours. {house} is the player's house, {neighbour} the bound neighbour.","[The border between {house} and {neighbour} is no longer the matter it was — a head gone, a holding changed hands, or the two no longer neighbours. Whatever stands between them now is judged from the world as it is.]"
situation.cold-border.resolution.reconciled.text,"Resolution text when the neighbour head's regard reached the reconciliation line with no grievance owed and no war between the houses. {house} is the player's house, {neighbour} the neighbour.","[{neighbour} regards {house} warmly enough now, with no grievance owed and no war between them, that no design against the house would still have its grounds. Whatever was already underway, if anything was, runs its own course.]"
situation.cold-border.resolution.eased.text,"Fallback resolution when the regard rose above the hostility floor without reaching the reconciliation line. {house} is the player's house, {neighbour} the neighbour.","[{neighbour}'s regard for {house} has risen above the floor at which a cold neighbour finds new grounds against it. It is not warmth: what was already in hand keeps its grounds, and a turn for the worse would open them again.]"
situation.cold-border.guidance.objective,First Reign guidance objective for the cold-neighbour Situation. Shown only when guidance is enabled; never read by the simulation.,"[Objective: read the border. The card shows the neighbour head's live opinion of your head, the floor at or below which a house may begin hostile planning, the line at which — with no grievance and no war — it lets go of designs not yet committed, and any open grievance or live war between you. None of it says whether a design exists; it says what the relationship would and would not permit.]"
situation.cold-border.guidance.how,"First Reign ""Show me how"" help for the cold-neighbour Situation. Presentation only.","[Court the neighbour's house from this card: forty-five days and 15 wealth, rolled on the leader's diplomacy, and led by your head it lifts both the personal and the house regard. Sending gifts is the second lever: thirty days and 20 wealth, lifting the neighbour head's regard for your head on success, more on a triumph, and costing regard on a disaster. Two ordinary successes together reach the line from the reign's opening standing; a single triumph can do it alone. Both are ordinary assignments with ordinary forecasts, and a third party's dealings move the same number in both directions. A grievance is not answered by warmth: no lever here settles one.]"
situation.cold-border.guidance.why,"First Reign ""Why this matters"" help for the cold-neighbour Situation. Presentation only.","[A cold neighbour is not a scripted enemy, and a warm one is not a scripted friend: what a house does about you follows its live regard, its ledger, and its means. Above the floor a house of this temper starts nothing new; at the line it lets go what it has not yet committed — but nothing already underway is erased by a change of heart, and a successor of a different temper reads the relationship afresh from their own regard.]"
situation.metric.neighbour-regard,Situation metric label: the neighbour head's live opinion of the player's head.,[Neighbour's regard for your head]
situation.metric.hostility-floor,Situation metric label: the authored opinion at or below which a house may begin hostile planning.,[Hostility floor]
situation.metric.reconciliation-line,Situation metric label: the authored opinion at which uncommitted hostile designs are let go when no grievance or war stands.,[Reconciliation line]
situation.metric.open-grievances,Situation metric label: open grievances the player's house owes the neighbour.,[Open grievances you owe them]
situation.metric.war-days,Situation metric label: days since the live formal war between the two houses was declared. Shown only while one stands.,[Days at war with them]
assignment.send-gifts.title,Authored assignment 'send-gifts': title.,[Send Gifts]
assignment.send-gifts.summary,Authored assignment 'send-gifts': one-line summary.,"[Send gifts and a courteous envoy to another house's head, to warm their regard for the head of yours.]"
assignment.send-gifts.critical-success.log-text,Authored assignment 'send-gifts': critical-success log line.,[{leader} carried gifts to {target} that were received as an honour.]
assignment.send-gifts.critical-success.popup-text,Authored assignment 'send-gifts': critical-success popup body.,"[The gifts were exactly what the house prized and the envoy knew it. {target}'s head speaks of yours as a friend, and the road between the houses is open.]"
assignment.send-gifts.success.log-text,Authored assignment 'send-gifts': success log line.,[{leader} carried gifts to {target}; their head thinks better of yours.]
assignment.send-gifts.failure.log-text,Authored assignment 'send-gifts': failure log line.,[{leader}'s gifts to {target} were accepted without warmth and changed nothing.]
assignment.send-gifts.disaster.log-text,Authored assignment 'send-gifts': disaster log line.,[{target} took {leader}'s gifts for a bribe and sent them back.]
assignment.send-gifts.disaster.popup-text,Authored assignment 'send-gifts': disaster popup body.,"[The gifts were read as a purchase, and the envoy's manner confirmed it. {target}'s head returns them with a note that will be repeated at every court on the road.]"
